"","Year","Month","Stock_lag_MV","Stock_Ew_Ret","Stock_Vw_Ret"
"1",1926,1,26829,0.0212933139097744,0.0002478675085259
"2",1926,2,27017,-0.0497389308411215,-0.0339950225050675
"3",1926,3,26127,-0.0887797296296296,-0.0649615168450472
"4",1926,4,24324,0.0298324658040665,0.0369713088856355
"5",1926,5,25270,0.00182823020257827,0.0122618886602593
"6",1926,6,25492,0.048070599153704,0.054659851263908
"7",1926,7,26449,0.0118634010989011,0.031813392897304
"8",1926,8,27318,0.0286346813186813,0.0289124974146327
"9",1926,9,28348,-0.00604272595281307,0.00591020068932455
"10",1926,10,28154,-0.0323174394213382,-0.0292401250846048
"11",1926,11,27254,0.0227483770197487,0.0284408500076986
"12",1926,12,28273,0.0226328416370107,0.0289810953475753
"13",1927,1,29609,0.0112618732142857,0.00189948937955824
"14",1927,2,29747,0.0487054911032028,0.0442971796901413
"15",1927,3,31084,-0.0182330944741533,0.00425879242866349
"16",1927,4,31125,0.00710799647887324,0.00714295466458358
"17",1927,5,31348,0.0581762837127846,0.0574527602767618
"18",1927,6,33433,-0.0184537913043478,-0.0208027400765075
"19",1927,7,32614,0.0551280502599653,0.0755625810656335
"20",1927,8,34753,0.0016000777027027,0.0224109329072978
"21",1927,9,35717,0.0291556408094435,0.0497260170216593
"22",1927,10,38809,-0.0358761072026801,-0.0405711874019276
"23",1927,11,37223,0.0886878205980066,0.0673407747837504
"24",1927,12,39337,0.0281704701986755,0.0231096193248464
"25",1928,1,40835,0.0298110082508251,-0.00324880167111242
"26",1928,2,39846,-0.0212811884297521,-0.0136595139461862
"27",1928,3,39287,0.0677381414473684,0.0909532836896195
"28",1928,4,42827,0.0817743076923077,0.0447439872239211
"29",1928,5,44713,0.0363197243066884,0.0184417353371712
"30",1928,6,45377,-0.065461205834684,-0.045400342345435
"31",1928,7,43569,0.00282471799027553,0.00950092123107503
"32",1928,8,44205,0.0548815064308682,0.0700004882993218
"33",1928,9,47171,0.0468668187599364,0.0314678451709994
"34",1928,10,48888,0.0168833647798742,0.018957539843028
"35",1928,11,49989,0.107637411128284,0.12185004888371
"36",1928,12,55994,-0.00433223358778626,0.00426583517846105
"37",1929,1,58150,0.0302636450151057,0.0500535146928993
"38",1929,2,61547,0.00599560816944024,0.000184600762114204
"39",1929,3,60991,-0.029329211225997,-0.00500171278688402
"40",1929,4,61018,0.0128697959479016,0.0178777643859866
"41",1929,5,63425,-0.0826120129124821,-0.0592800533410137
"42",1929,6,60636,0.0679732577903683,0.10217636916678
"43",1929,7,66272,0.0182645257301808,0.0458311403901038
"44",1929,8,69479,0.024924303030303,0.0875436753552193
"45",1929,9,76628,-0.0392284433833561,-0.0506462325015232
"46",1929,10,73826,-0.188228840108401,-0.195267477544556
"47",1929,11,59875,-0.111525356585041,-0.123591659981047
"48",1929,12,52552,-0.0228265741239892,0.0169770623065624
"49",1930,1,55149,0.100099801932974,0.0574469392673276
"50",1930,2,58903,0.0330785212765957,0.0279992987435282
"51",1930,3,60287,0.096569914586071,0.0745181592080307
"52",1930,4,64876,-0.0400828817345598,-0.0184283812375816
"53",1930,5,63867,-0.0357993866317169,-0.0140223679165452
"54",1930,6,62984,-0.174294035340314,-0.159690702821711
"55",1930,7,53081,0.0347934710526316,0.0431549065175755
"56",1930,8,56400,-0.0160125388669302,0.00389533869473495
"57",1930,9,56304,-0.14084135636303,-0.125332192400557
"58",1930,10,48995,-0.0893785915678524,-0.0869606750854938
"59",1930,11,45122,-0.022053827176781,-0.0291083833064017
"60",1930,12,43781,-0.126559676781003,-0.0768868966211246
"61",1931,1,40641,0.131887104221636,0.063826896318677
"62",1931,2,43180,0.143832974867725,0.109166029052755
"63",1931,3,47701,-0.0595764841269841,-0.0620153181328599
"64",1931,4,44250,-0.139830163129973,-0.0990566624161427
"65",1931,5,39929,-0.130725453580902,-0.131527035223763
"66",1931,6,34608,0.169277427055703,0.139773132310556
"67",1931,7,39210,-0.0642274122340426,-0.0655951150930317
"68",1931,8,36390,-0.0181168906666667,0.00441793572290446
"69",1931,9,36280,-0.28615466002656,-0.289060902123896
"70",1931,10,25210,0.0959790106382979,0.0813881105769306
"71",1931,11,27189,-0.0840176986666667,-0.0890862996616472
"72",1931,12,24563,-0.173588012,-0.134485078231361
"73",1932,1,21163,0.0788379651474531,-0.0134405574649995
"74",1932,2,20880,0.019193452476573,0.0568620386874604
"75",1932,3,21909,-0.113844699531365,-0.110632667760445
"76",1932,4,19350,-0.167919895020188,-0.178383863927846
"77",1932,5,15835,-0.187528761517615,-0.203345931759885
"78",1932,6,12434,0.0385975782312925,-0.0067830510234792
"79",1932,7,12102,0.405735321428571,0.338626123375015
"80",1932,8,16216,0.635597903846154,0.370974676126053
"81",1932,9,22154,-0.0577338856749311,-0.0290525469125813
"82",1932,10,21355,-0.157827317174515,-0.131548540950382
"83",1932,11,18451,-0.0729937686980609,-0.058619290872812
"84",1932,12,17271,-0.0298680832177531,0.0441397756665866
"85",1933,1,17911,0.0345143704735376,0.0126193225721637
"86",1933,2,18159,-0.148716295264624,-0.152714121427065
"87",1933,3,15150,0.0934601005586592,0.0318761806716661
"88",1933,4,15472,0.488333557422969,0.389445891865051
"89",1933,5,21624,0.576346522346369,0.214684252365542
"90",1933,6,26211,0.212782865546218,0.130985875767922
"91",1933,7,29564,-0.088240461212976,-0.0961244205299366
"92",1933,8,26710,0.106435806722689,0.120576726674292
"93",1933,9,29830,-0.143500647552448,-0.106381916795189
"94",1933,10,26545,-0.103529798319328,-0.0834806600423777
"95",1933,11,24311,0.0618911047486034,0.0998565166667926
"96",1933,12,26721,0.0167243868715084,0.018452231391896
"97",1934,1,27076,0.303527127094972,0.126489000834465
"98",1934,2,30457,0.0105529845938375,-0.0247415601511852
"99",1934,3,29613,0.00688824022346369,0.00113291791715957
"100",1934,4,29505,0.00161345885634588,-0.0178217439896814
"101",1934,5,29030,-0.104857066945607,-0.0725625573212502
"102",1934,6,26803,0.00297314265734266,0.0265107417379876
"103",1934,7,27296,-0.179016501396648,-0.109542528148599
"104",1934,8,24281,0.0928890557103064,0.0558975371978115
"105",1934,9,25878,-0.01016693454039,-0.00224235741011566
"106",1934,10,25714,-0.0186193913649025,-0.0165852977422247
"107",1934,11,25426,0.124250559607293,0.0833326351574994
"108",1934,12,27472,0.0144871994382022,0.00371416800030164
"109",1935,1,27412,-0.0307449494382022,-0.0344013792868468
"110",1935,2,26280,-0.0560368078541374,-0.0194283900526397
"111",1935,3,25374,-0.0697904789915966,-0.0366627250036686
"112",1935,4,24444,0.0952694217877095,0.0906789170326647
"113",1935,5,26922,0.0224757458100559,0.0347997009273584
"114",1935,6,27782,0.0391568430555556,0.0593907831811008
"115",1935,7,29207,0.105699445214979,0.0749245683165065
"116",1935,8,31396,0.0776601227336123,0.0266628272957371
"117",1935,9,32211,0.0243672594142259,0.0263510840042288
"118",1935,10,32908,0.0809487154811716,0.0704190200833114
"119",1935,11,35145,0.139017968232044,0.0490405495589724
"120",1935,12,36687,0.0558071114167813,0.0456785818236501
"121",1936,1,38446,0.144081373626374,0.0689812691473369
"122",1936,2,41054,0.0417871612021858,0.0250154418016485
"123",1936,3,41641,0.00505482225237449,0.0100845637601398
"124",1936,4,42170,-0.116406340569878,-0.081211946480218
"125",1936,5,39192,0.04925415,0.0520809867481254
"126",1936,6,41077,-0.00046392140921409,0.0242980180359393
"127",1936,7,42029,0.0783327743243243,0.0668498253901877
"128",1936,8,44781,0.0186139419703104,0.0100631651476871
"129",1936,9,45038,0.0322653444032793,0.00985882336817771
"130",1936,10,45385,0.0604633997326203,0.0716812379229426
"131",1936,11,48631,0.0870634414893617,0.0327646306336237
"132",1936,12,49935,0.025846340067347,0.00213325117609509
"133",1937,1,50074,0.0726268970976253,0.0336809483523486
"134",1937,2,51753,0.0228907844940867,0.011037425992517
"135",1937,3,52325,0.00172733420365535,-0.00241879647617378
"136",1937,4,52277,-0.0967860717079531,-0.0732119001780647
"137",1937,5,48502,-0.0237717963683528,-0.00771123957762938
"138",1937,6,47908,-0.0737298720930233,-0.0418206756839869
"139",1937,7,45901,0.0949524386189258,0.0894221521157389
"140",1937,8,49871,-0.0506826135204082,-0.0483541704469031
"141",1937,9,47370,-0.187729707379135,-0.135768559495447
"142",1937,10,40805,-0.0981163095541401,-0.0959152667064997
"143",1937,11,36951,-0.105786292249047,-0.0828691385427678
"144",1937,12,33321,-0.0967111075949367,-0.0423477683003982
"145",1938,1,31688,0.0409843367088608,0.00491185525219118
"146",1938,2,32032,0.0591551251580278,0.0584385189219796
"147",1938,3,33701,-0.273282986146096,-0.238270750348267
"148",1938,4,25529,0.197690664150943,0.145178625068209
"149",1938,5,29266,-0.0694293899371069,-0.038298557694495
"150",1938,6,28026,0.297947897727273,0.238753195262343
"151",1938,7,34527,0.118746404791929,0.0733798339356046
"152",1938,8,37057,-0.0617026295828066,-0.0266847567584237
"153",1938,9,35951,-0.0145369847522236,0.00828855142191947
"154",1938,10,36076,0.138962224619289,0.0781099013982475
"155",1938,11,38867,-0.0363894378172589,-0.0178697310685514
"156",1938,12,37977,0.0290965895806861,0.0419098010853196
"157",1939,1,39142,-0.0730526436781609,-0.0596361794246715
"158",1939,2,36785,0.0401579897828863,0.0351606436210762
"159",1939,3,38033,-0.167267094267516,-0.119950336227244
"160",1939,4,33278,0.00159528571428571,-0.00186619226342778
"161",1939,5,33219,0.0824492633587786,0.06805117374427
"162",1939,6,35362,-0.0812799129211305,-0.0530184931733327
"163",1939,7,33340,0.13108684953166,0.10222180606053
"164",1939,8,36610,-0.102573647133758,-0.0668338996252737
"165",1939,9,34009,0.383682607643312,0.168865481320411
"166",1939,10,39613,-0.00676952229299363,-0.00525962985518798
"167",1939,11,39366,-0.077995844783715,-0.0362031289231873
"168",1939,12,37616,0.0165462408111534,0.0302965966919563
"169",1940,1,38540,-0.0193525627376426,-0.0241003971600664
"170",1940,2,37680,0.0292946455696203,0.014438958625813
"171",1940,3,38047,0.0263231125158028,0.0204606166511574
"172",1940,4,38703,0.0134329104665826,0.00216345491983473
"173",1940,5,38727,-0.261142119647355,-0.219640153688102
"174",1940,6,30020,0.0641449710691824,0.0667325052002708
"175",1940,7,31867,0.0359602880503145,0.0317408841751866
"176",1940,8,32824,0.0198837590966123,0.0218636814239482
"177",1940,9,33327,0.0352834993726474,0.023920301906544
"178",1940,10,34001,0.0452675426065163,0.0302328765095005
"179",1940,11,34975,-0.00181585964912281,-0.0160980456292147
"180",1940,12,34097,-0.01826488125,0.00693581713751361
"181",1941,1,34189,-0.00673204755944931,-0.041776244751609
"182",1941,2,32729,-0.0184428077403246,-0.0143821443355531
"183",1941,3,32075,0.0137026957605985,0.00855215851436966
"184",1941,4,32170,-0.0556144351620948,-0.0546343893607399
"185",1941,5,30368,0.00930710473815461,0.0138938405822712
"186",1941,6,30555,0.063334657960199,0.0583380898973888
"187",1941,7,32125,0.125595322139303,0.0589652488122947
"188",1941,8,33985,-0.00811059751552795,-0.00168437730059965
"189",1941,9,33747,-0.01992542039801,-0.00865391616269954
"190",1941,10,33303,-0.0603985360696517,-0.0524778734971203
"191",1941,11,31509,-0.0333167366459627,-0.0191787093092403
"192",1941,12,30498,-0.0797253788819876,-0.0486396073203125
"193",1942,1,28843,0.126238075682382,0.00810142297744675
"194",1942,2,29027,-0.0169249108910891,-0.0244842470210075
"195",1942,3,28125,-0.0471748209876543,-0.0656957910514405
"196",1942,4,26106,-0.0450174215080346,-0.0436538456157694
"197",1942,5,24927,0.0271430370828183,0.0596305312126387
"198",1942,6,26229,0.0244805962962963,0.0271893464461914
"199",1942,7,26736,0.0445956843403206,0.0353707787049341
"200",1942,8,27616,0.0276769839307787,0.0182469150036525
"201",1942,9,27956,0.0463597515451174,0.0263462288666405
"202",1942,10,28522,0.0976237960444994,0.0684644944259121
"203",1942,11,30410,-0.0145265136138614,0.00178044186110431
"204",1942,12,30154,0.0340544412855377,0.0514769174795129
"205",1943,1,31458,0.163496941975309,0.0715790025160788
"206",1943,2,33676,0.128854770086527,0.0617430757992768
"207",1943,3,35608,0.10799560815822,0.0604334924951719
"208",1943,4,37568,0.034522301980198,0.00842869813446571
"209",1943,5,37794,0.0829419714993804,0.0576266102953054
"210",1943,6,39779,0.0101298027127004,0.0184675897699736
"211",1943,7,40337,-0.061899221402214,-0.0473918098456249
"212",1943,8,38809,0.00328508856088561,0.0134707198103599
"213",1943,9,39212,0.0338898884803922,0.0242420407893115
"214",1943,10,39978,-0.00346450427350428,-0.0111796873354264
"215",1943,11,39597,-0.0851927975609756,-0.0587691266428567
"216",1943,12,36815,0.0937969049939099,0.0638754083725929
"217",1944,1,38935,0.0440758580097087,0.0176643095920777
"218",1944,2,39792,0.0125461227217497,0.0039763055968971
"219",1944,3,39769,0.0402810060753341,0.0249147720765979
"220",1944,4,40559,-0.0283243713592233,-0.0165904803096794
"221",1944,5,39800,0.0635266347087379,0.0508525934547373
"222",1944,6,41596,0.101607581113801,0.0552265387024629
"223",1944,7,43714,-0.0125454214975845,-0.014588685822553
"224",1944,8,43069,0.0296616987951807,0.0159595998250762
"225",1944,9,43568,0.000129237909114317,0.000321693168349282
"226",1944,10,43441,-0.00028432211538462,0.00187756125171309
"227",1944,11,43470,0.0226868323353293,0.0174167096901089
"228",1944,12,43775,0.0665066152927121,0.0405762247884465
"229",1945,1,45886,0.0426213791866029,0.0203931372549943
"230",1945,2,46882,0.082944311827957,0.0624919206874855
"231",1945,3,49593,-0.0548080657108722,-0.0387017303242579
"232",1945,4,47434,0.085774665480427,0.0782394196881604
"233",1945,5,51188,0.0289868035502959,0.0175972134867025
"234",1945,6,52020,0.035393695754717,0.00410834224686836
"235",1945,7,52081,-0.033367246171967,-0.0213916022409819
"236",1945,8,50935,0.0643890658823529,0.0623192152929605
"237",1945,9,53903,0.0608095070422535,0.0479404525143575
"238",1945,10,56324,0.0625205495915986,0.0392147509506007
"239",1945,11,58552,0.0932020301974448,0.054123379031322
"240",1945,12,61285,0.023012502229388,0.0122810443813327
"241",1946,1,62862,0.090562116359447,0.0627040095322386
"242",1946,2,67168,-0.0640087672018349,-0.0579658657784615
"243",1946,3,63133,0.0562640902857143,0.0590058153396314
"244",1946,4,66781,0.0505993231292517,0.0425568066308313
"245",1946,5,69674,0.0529008463276836,0.0396303035127694
"246",1946,6,72521,-0.0468532986577181,-0.0386065847320054
"247",1946,7,69565,-0.03940429810901,-0.0265993018429127
"248",1946,8,68013,-0.0730203957871397,-0.0641234264348071
"249",1946,9,63453,-0.131265667774086,-0.10136082053207
"250",1946,10,56887,-0.0113713649393605,-0.0140630447623257
"251",1946,11,56017,-0.00288701975850714,0.000116839299554275
"252",1946,12,55662,0.0457620722891566,0.0499065705128675
"253",1947,1,58447,0.0290154530567686,0.0127731559162386
"254",1947,2,59255,-0.00681731086956522,-0.0105055763151253
"255",1947,3,58293,-0.0298315119565217,-0.0164254556315131
"256",1947,4,57258,-0.0799507328990228,-0.0476908176602872
"257",1947,5,54483,-0.0367044659459459,-0.00946773386201384
"258",1947,6,53647,0.0550863612903226,0.0531697412443137
"259",1947,7,56400,0.0602652261521972,0.0416222627520372
"260",1947,8,58744,-0.0167635348338692,-0.0171437719985038
"261",1947,9,57644,0.00525731163287086,-0.00470872653413846
"262",1947,10,57193,0.0329094102019129,0.025388408257745
"263",1947,11,58534,-0.0286413966065748,-0.0190670219107028
"264",1947,12,57022,0.022507698630137,0.0307710729019829
"265",1948,1,58780,-0.0160912757894737,-0.0385448645953781
"266",1948,2,56528,-0.0575851614255765,-0.043046242707158
"267",1948,3,53802,0.0920957306889353,0.0815924068130593
"268",1948,4,57920,0.0385265537017727,0.0372492165847907
"269",1948,5,60096,0.0849360093652445,0.073893025642094
"270",1948,6,64214,-0.0120201441908714,-3.90151850495982e-05
"271",1948,7,63913,-0.0515767813471503,-0.0498735452903685
"272",1948,8,60656,-0.00222307747933885,0.00332510837867807
"273",1948,9,60495,-0.0416135387797311,-0.0293243394502625
"274",1948,10,58433,0.0518418386763185,0.0600251443784845
"275",1948,11,61786,-0.103856663908997,-0.0926028519525333
"276",1948,12,55456,0.0127066463917526,0.0330175413149283
"277",1949,1,57108,0.0176510215827338,0.00326217306996638
"278",1949,2,57287,-0.0400290951893552,-0.0283677982955199
"279",1949,3,55402,0.0576254128440367,0.0413333817030022
"280",1949,4,57400,-0.0307180448065173,-0.0177266768171758
"281",1949,5,56330,-0.0420710568527919,-0.0285192284485094
"282",1949,6,54425,-0.00782916093117409,0.00190957400952802
"283",1949,7,54166,0.0606069352881699,0.0562704414666452
"284",1949,8,57245,0.024758295959596,0.0269680153926347
"285",1949,9,58401,0.0421323937562941,0.0317782466653821
"286",1949,10,60300,0.038316083501006,0.0323156042877678
"287",1949,11,62115,0.00961913480885312,0.0191100461020628
"288",1949,12,62529,0.0689370538936894,0.052133973919013
"289",1950,1,65942,0.0388428395185557,0.0179762636728593
"290",1950,2,67232,0.0160978316633267,0.0156437181118814
"291",1950,3,67878,-0.00177028657314629,0.0135923960362573
"292",1950,4,68778,0.0461751758241758,0.0402743685057815
"293",1950,5,71446,0.0321657432835821,0.0440934445668294
"294",1950,6,74210,-0.073186497029703,-0.0582926367026967
"295",1950,7,69538,0.0490425355731225,0.0146095375374028
"296",1950,8,70560,0.0497341093596059,0.0495054199485409
"297",1950,9,73399,0.0531306945812808,0.0490586080187295
"298",1950,10,76773,-0.00495023645320197,-0.000618290210963014
"299",1950,11,76714,0.0310247649950836,0.0286196955895253
"300",1950,12,77633,0.0819387231655867,0.0565062920312698
"301",1951,1,82742,0.073643250734574,0.0582512296377573
"302",1951,2,87569,0.0114415636007828,0.0151483858813132
"303",1951,3,88484,-0.0328009315738025,-0.0204516748583447
"304",1951,4,86702,0.0391155253411306,0.0499056970593215
"305",1951,5,91011,-0.0242435267249757,-0.0221899221648677
"306",1951,6,88432,-0.0440459008746356,-0.0250529387246704
"307",1951,7,86281,0.0615252350187806,0.0707939167430437
"308",1951,8,92262,0.0457762451208322,0.0440592175400551
"309",1951,9,95570,0.0223244359223301,0.00821540946346086
"310",1951,10,96016,-0.0234523936126731,-0.0237348269835459
"311",1951,11,93506,0.00716364768339768,0.00674267458399986
"312",1951,12,93511,0.0147280376447876,0.0345231952491431
"313",1952,1,98118,0.0167160231436837,0.0160362059363738
"314",1952,2,99668,-0.0200430751445087,-0.0250971632597606
"315",1952,3,96479,0.0277001270452358,0.0454567666922726
"316",1952,4,100749,-0.043874166506256,-0.0485159928342584
"317",1952,5,95755,0.0241127596153846,0.0332624743195684
"318",1952,6,98306,0.0299668597502402,0.039784117674867
"319",1952,7,101947,0.0100597483189241,0.0105822374491943
"320",1952,8,102946,0.000409645376549092,-0.00617046036830743
"321",1952,9,101538,-0.0145537761904762,-0.0187127009994511
"322",1952,10,99490,-0.0113805539083733,-0.00523445274889455
"323",1952,11,98695,0.0544841178571429,0.0604539368003089
"324",1952,12,103765,0.022222060952381,0.0309218555211199
"325",1953,1,108488,0.0241468121399895,-0.00177511495817625
"326",1953,2,108236,0.0122133339625285,-0.00132015788957589
"327",1953,3,107343,-0.0100165218631179,-0.0124497936352535
"328",1953,4,105594,-0.0228223683395821,-0.026646702448759
"329",1953,5,102766,0.00590525213270142,0.00692900913313879
"330",1953,6,103005,-0.0310826238095238,-0.017065893671009
"331",1953,7,100894,0.0168720301796765,0.0254386260965049
"332",1953,8,103302,-0.0504447111534795,-0.0434859733799721
"333",1953,9,98056,-0.01053525,0.0036716495733106
"334",1953,10,97988,0.0363724028571429,0.0472195606571258
"335",1953,11,102411,0.0209408522402288,0.0290217169865908
"336",1953,12,104571,-0.0146685582061069,0.00154367255392702
"337",1954,1,106086,0.0697599160305344,0.0524151400518552
"338",1954,2,111558,0.013405677480916,0.0173980861289041
"339",1954,3,112697,0.0277528363463368,0.0373234039735756
"340",1954,4,116450,0.0159683870684781,0.0436322982603053
"341",1954,5,121491,0.0419179087452471,0.0314589185045333
"342",1954,6,124573,0.0121879885931559,0.0113269035609922
"343",1954,7,125583,0.0700980360873694,0.0504405098699121
"344",1954,8,131807,-0.00897774218009479,-0.0227949427118203
"345",1954,9,127823,0.0429235631587915,0.0647893041222583
"346",1954,10,135723,-0.00715175545023697,-0.0160212827979673
"347",1954,11,133358,0.0888691988636364,0.0944170080510644
"348",1954,12,144624,0.0853568073654391,0.0556305296719016
"349",1955,1,156482,0.0139470942507069,0.006852758220754
"350",1955,2,157341,0.0415724379704006,0.0310199282261516
"351",1955,3,161641,0.00087658380658113,-0.000564750445880559
"352",1955,4,161017,0.0224049971671388,0.0321255512806455
"353",1955,5,166125,0.00662058757062147,0.0107319351080623
"354",1955,6,166819,0.033413387189904,0.0665077147775979
"355",1955,7,177121,0.00771835362414353,0.0199778906307304
"356",1955,8,181115,0.00452772488262911,0.00370551426552192
"357",1955,9,180892,-0.00784798327317403,-0.00203683122434598
"358",1955,10,179595,-0.0166651147695202,-0.0249353342837178
"359",1955,11,175125,0.0537311295167262,0.0720417843304901
"360",1955,12,186333,0.0213833009933913,0.0166888893734188
"361",1956,1,193170,-0.0200778246936852,-0.0281316479685679
"362",1956,2,187548,0.0321621525423729,0.0396235554138673
"363",1956,3,194136,0.0498830687382298,0.0678820164988584
"364",1956,4,207597,0.00383735981762935,0.00465781911927347
"365",1956,5,208374,-0.0388813607806914,-0.049732182906696
"366",1956,6,196883,0.0208930780489746,0.036750649422172
"367",1956,7,203434,0.0385420188323917,0.0505388465273112
"368",1956,8,213560,-0.017511875,-0.0301238688604618
"369",1956,9,205905,-0.034752752354049,-0.0495265877984019
"370",1956,10,195911,0.00697915754716981,0.00770091432339059
"371",1956,11,196862,0.00549909339622642,0.00566264822740422
"372",1956,12,196530,0.0220947133766573,0.0339881252544157
"373",1957,1,206654,0.00269644798500469,-0.033077590602057
"374",1957,2,199841,-0.022126234741784,-0.0182559049179131
"375",1957,3,195558,0.021609609046729,0.0235767236735527
"376",1957,4,199773,0.0250546646326301,0.0450804305218554
"377",1957,5,208916,0.0208559118738404,0.0370546135736946
"378",1957,6,216169,-0.00706176155268022,-0.00503132452240472
"379",1957,7,214600,0.00546434523185424,0.00956666120118875
"380",1957,8,216803,-0.047896070987741,-0.0486114265962023
"381",1957,9,205356,-0.0509445402486648,-0.0572286951172228
"382",1957,10,193001,-0.0630003689052438,-0.0402749029670006
"383",1957,11,185170,0.0202569636885935,0.0257542849151499
"384",1957,12,189202,-0.0467686445817588,-0.0365619036590915
"385",1958,1,184098,0.103422227356747,0.0493659427818624
"386",1958,2,192769,-0.0109185522732115,-0.0139872160225085
"387",1958,3,188840,0.0345152599444958,0.033677451562031
"388",1958,4,195220,0.0294344941562301,0.0316801827409919
"389",1958,5,201216,0.0381635481481482,0.0242188321644856
"390",1958,6,204990,0.0309923942134712,0.0295611802129241
"391",1958,7,210306,0.0524212441968431,0.0445243400000167
"392",1958,8,219069,0.0292337437325905,0.0194811606388145
"393",1958,9,222186,0.0504512439261877,0.0484160776457824
"394",1958,10,232073,0.0314188308550186,0.0271189042384911
"395",1958,11,238083,0.0411224186046512,0.0311522146377665
"396",1958,12,244708,0.0375721114206128,0.0536724479230692
"397",1959,1,263460,0.0406062974059963,0.00918274320332243
"398",1959,2,266284,0.0276957581093605,0.0113559508844748
"399",1959,3,268166,0.011577903523297,0.00497428771685196
"400",1959,4,268683,0.0249408068391867,0.0385621937273288
"401",1959,5,279109,0.00708944454713493,0.0194765915800829
"402",1959,6,283802,0.00436676584022039,-1.65993238617915e-05
"403",1959,7,283287,0.0293982591911765,0.0342878159493534
"404",1959,8,292752,-0.0143496495412844,-0.0119981885153096
"405",1959,9,288069,-0.0434889945155393,-0.0449554785359333
"406",1959,10,274576,0.0212479598907302,0.0158233749586104
"407",1959,11,278699,0.0148330661216326,0.018547880436278
"408",1959,12,282685,0.0205558070973612,0.0278715567685614
"409",1960,1,294408,-0.0379213633060854,-0.0664944266786024
"410",1960,2,274640,0.00857649230769231,0.0145494955075372
"411",1960,3,277965,-0.0237396043360434,-0.0128763748880622
"412",1960,4,273845,-0.0184901666077748,-0.0151115484881856
"413",1960,5,269591,0.0248250376681614,0.0339164682790275
"414",1960,6,277758,0.0209824551793309,0.0231685306517958
"415",1960,7,283651,-0.0182053333333333,-0.0223238337557194
"416",1960,8,277135,0.0360106734513274,0.0317563458809551
"417",1960,9,284897,-0.0580786501328609,-0.0583322417068633
"418",1960,10,268258,-0.0231989734513274,-0.00490792133051494
"419",1960,11,266624,0.0452052677304965,0.0482573710995478
"420",1960,12,277750,0.0369980520718675,0.0486921840339464
"421",1961,1,294776,0.0787682033598585,0.0639092667173274
"422",1961,2,313603,0.0587541945181256,0.0370979622125775
"423",1961,3,323988,0.0485084663373716,0.0308890550265531
"424",1961,4,334707,0.0087437577092511,0.00464500350326915
"425",1961,5,336481,0.0407824498239437,0.0258179434954374
"426",1961,6,343411,-0.0407655665502561,-0.0287549598277314
"427",1961,7,333348,0.0109132550394391,0.0301482500538279
"428",1961,8,344596,0.0206092733624454,0.027156687068885
"429",1961,9,352555,-0.0281307758470895,-0.0197826720465708
"430",1961,10,345351,0.0199727660311958,0.0276196652043951
"431",1961,11,355030,0.0446935203463203,0.0460356293126056
"432",1961,12,369688,-0.00394169516407599,0.000126809624299211
"433",1962,1,372023,-0.00771090419442931,-0.0363327297441925
"434",1962,2,358754,0.0144330482342808,0.0200966505940451
"435",1962,3,365425,-0.00585035909554522,-0.00480892342491435
"436",1962,4,363292,-0.0659015525221338,-0.0635881225388892
"437",1962,5,340096,-0.0942278833619211,-0.0840663228118632
"438",1962,6,310052,-0.0470030969785575,-0.082774670763032
"439",1962,7,282519,0.0350438283908605,0.065425536061685
"440",1962,8,323511,0.0355115260170944,0.0236150119342133
"441",1962,9,329466,-0.0620071530258553,-0.0500932680882448
"442",1962,10,312629,-0.0383328626195007,0.00202443525945739
"443",1962,11,312459,0.114925163598998,0.11066914566096
"444",1962,12,344895,-0.0258775493697286,0.0124513119741263
"445",1963,1,350084,0.0850159911662617,0.0518434595764904
"446",1963,2,367917,-0.0165450656370656,-0.0215852684863644
"447",1963,3,358327,0.0106530142442925,0.0330675100581655
"448",1963,4,369891,0.0244824336538462,0.0476300184492572
"449",1963,5,387685,0.0305253052228079,0.0199862660090843
"450",1963,6,393598,-0.00981370568821744,-0.0177387025055875
"451",1963,7,386280,-0.00616528824091778,-0.0012291339030021
"452",1963,8,385320,0.0400990246014871,0.0531776495014963
"453",1963,9,404344,-0.0101165050215208,-0.01281496285164
"454",1963,10,398607,0.0112652039821248,0.0283054087095361
"455",1963,11,409159,-0.0156058975346364,-0.00581962647999921
"456",1963,12,401014,-0.00534673028726138,0.0211804291273374
"457",1964,1,412668,0.0303745294117647,0.0253499461799502
"458",1964,2,425322,0.0240406213106584,0.0180611828846804
"459",1964,3,432400,0.0246943650803252,0.0172002376024819
"460",1964,4,439454,0.000244969184147225,0.00395822205297256
"461",1964,5,442919,0.00574403007324238,0.0167350578323566
"462",1964,6,448062,0.0101718561612568,0.0156935055639222
"463",1964,7,454688,0.0283243142675215,0.0204059692765493
"464",1964,8,464519,-0.00610726984126984,-0.0115829801859181
"465",1964,9,456928,0.0355601215649744,0.02972293957713
"466",1964,10,470428,0.0183016113005408,0.00890323383442064
"467",1964,11,473796,-0.000216358427553022,0.00286881280233202
"468",1964,12,470283,-0.0127290740925503,0.00344118053272283
"469",1965,1,475686,0.0677853588910685,0.0382392846560995
"470",1965,2,493643,0.0320767593706617,0.00743857450526607
"471",1965,3,495415,0.0146762433056325,-0.00980550626706699
"472",1965,4,491140,0.040088532290929,0.0341680085828215
"473",1965,5,507845,-0.00660262947658402,-0.00463507591470774
"474",1965,6,504140,-0.0792610485792851,-0.0515013335448104
"475",1965,7,477506,0.0275428520547945,0.0174551039017132
"476",1965,8,485226,0.0394828515447854,0.0305859183210671
"477",1965,9,497736,0.0249470500754129,0.0317116657730159
"478",1965,10,512695,0.0555171556267514,0.0291148101349491
"479",1965,11,527450,0.0448028377885888,0.00331497243726133
"480",1965,12,525061,0.0410307770940291,0.0134365283238843
"481",1966,1,536917,0.0591629457414249,0.0109327194701378
"482",1966,2,542770,0.0284179136986301,-0.00857694768280957
"483",1966,3,535694,-0.00966965923710339,-0.0212929677840851
"484",1966,4,522971,0.0444623558086123,0.0248210587390146
"485",1966,5,535419,-0.0821056117708019,-0.0525090272944659
"486",1966,6,505520,-0.00453044595168578,-0.0106358586168575
"487",1966,7,499868,-0.0148604420387912,-0.012709841939207
"488",1966,8,493395,-0.0955010762979684,-0.0749729566519634
"489",1966,9,454187,-0.0175730577936275,-0.00655865169220845
"490",1966,10,450059,-0.0138890069379054,0.0431302634350836
"491",1966,11,468954,0.0397669554054054,0.0179676818161718
"492",1966,12,474544,0.01555086381343,0.00536760452144838
"493",1967,1,481205,0.165615215252708,0.085786304302882
"494",1967,2,522126,0.0409810114709815,0.0113620982611334
"495",1967,3,526314,0.0561700683045596,0.0438595417711563
"496",1967,4,548456,0.0400215562337879,0.0421451234907861
"497",1967,5,570983,-0.00780756247201075,-0.0397204701478897
"498",1967,6,544579,0.0786852186789416,0.0268791387018846
"499",1967,7,557590,0.0789813019632696,0.048988643820141
"500",1967,8,583905,0.00582806476461642,-0.00579894953780263
"501",1967,9,577238,0.0595415587193747,0.0342569127089818
"502",1967,10,594275,-0.0196971815453618,-0.0269260511267159
"503",1967,11,578582,0.000385771607702643,0.0071703369918421
"504",1967,12,580044,0.0775891994252844,0.033843286083769
"505",1968,1,610416,0.0212980537820831,-0.036283797335633
"506",1968,2,585944,-0.053871447380206,-0.0335756978025091
"507",1968,3,563947,-0.0099893806231178,0.00594328362834407
"508",1968,4,565720,0.136445193709457,0.0948092760119724
"509",1968,5,617973,0.0861459401996339,0.0272430239409715
"510",1968,6,632930,0.0154786453371276,0.0112538376260578
"511",1968,7,639514,-0.0255952672185243,-0.0220450283700904
"512",1968,8,623643,0.0336016721225123,0.0177486705784076
"513",1968,9,634263,0.0645279829846661,0.0447813942625479
"514",1968,10,661254,0.00615331857235406,0.00867210393589258
"515",1968,11,665579,0.0675776221706058,0.0585310343196424
"516",1968,12,703236,0.00412361847130062,-0.0350216362367054
"517",1969,1,697213,-0.00341197806440167,-0.00722736194780671
"518",1969,2,691901,-0.0809371329442066,-0.0538281516709188
"519",1969,3,653247,0.0185522872780432,0.0313834696745823
"520",1969,4,672552,0.00266144967320262,0.0199190208086232
"521",1969,5,688435,0.00446189638708279,0.0040024746639937
"522",1969,6,687482,-0.105629645662495,-0.0667427486885201
"523",1969,7,641129,-0.0899859649458701,-0.0648103603345394
"524",1969,8,600214,0.0487532379167678,0.0519178535385962
"525",1969,9,629720,-0.02284533804,-0.023562617889423
"526",1969,10,614885,0.08818584157463,0.0565374957647449
"527",1969,11,649661,-0.0524041342905405,-0.0327326552531001
"528",1969,12,626136,-0.0621372440605939,-0.0198629814294339
"529",1970,1,622574,-0.0375332527242246,-0.0749100674313974
"530",1970,2,575921,0.0382055189662359,0.057457176312412
"531",1970,3,608606,-0.0226251730290456,-0.0048307643647132
"532",1970,4,604803,-0.152841608515916,-0.104970489375983
"533",1970,5,540255,-0.0850419835797907,-0.0639274455521853
"534",1970,6,502780,-0.0704200674609523,-0.0520553267634173
"535",1970,7,475975,0.05368955749975,0.0744227640063861
"536",1970,8,513959,0.0573493583435834,0.050133609100863
"537",1970,9,537454,0.117857107346939,0.0471908375081819
"538",1970,10,562620,-0.0550244162271805,-0.0181570282851844
"539",1970,11,551575,0.00217959038136974,0.0505394182843112
"540",1970,12,577625,0.0770342243410225,0.0615258764172524
"541",1971,1,621371,0.126495404752316,0.0521565163705494
"542",1971,2,653333,0.0453423577826962,0.0173087910047005
"543",1971,3,661654,0.0518050095923261,0.0442489165436923
"544",1971,4,691084,0.0256898048139758,0.0343227825832835
"545",1971,5,714554,-0.047105496137084,-0.0369198383472181
"546",1971,6,686669,-0.016503183816387,0.00282355251036957
"547",1971,7,686487,-0.0514099057781834,-0.0409054154936492
"548",1971,8,659044,0.0386609722004699,0.0425742697792971
"549",1971,9,685266,-0.00487349180967239,-0.0048327021237096
"550",1971,10,681779,-0.0537846348837209,-0.0405265850987946
"551",1971,11,653529,-0.0309399173855732,-0.000889174035233008
"552",1971,12,651033,0.108590871387372,0.0906592681154323
"553",1972,1,723960,0.0957704646387833,0.0277270703495526
"554",1972,2,744660,0.0376333205904618,0.0311440385028347
"555",1972,3,766011,-0.000116691381257056,0.00898754980497289
"556",1972,4,772386,0.00074496603210153,0.00576302135326716
"557",1972,5,776703,-0.0177071200149087,0.0155682474096014
"558",1972,6,786260,-0.0316393419881306,-0.0213695685559489
"559",1972,7,769549,-0.0292582619638673,-0.00485808821970899
"560",1972,8,765647,0.010191304587156,0.0354722344884352
"561",1972,9,791674,-0.0292354447324019,-0.00794875041966353
"562",1972,10,785608,-0.0144512721435484,0.00915660094133612
"563",1972,11,792554,0.0224328131101813,0.0496791724155229
"564",1972,12,828815,-0.00951317721755347,0.00991558680237955
"565",1973,1,977874,-0.0266592152078662,-0.0284748295875126
"566",1973,2,950200,-0.0711724134413338,-0.044276984101002
"567",1973,3,904016,-0.0291249750092593,-0.00868100838806308
"568",1973,4,895316,-0.067832735999185,-0.0515796745462854
"569",1973,5,848279,-0.0806811658413325,-0.0244012895697939
"570",1973,6,823685,-0.0380187746526775,-0.0105036276166629
"571",1973,7,813791,0.0997937692980921,0.0568221360342123
"572",1973,8,858275,-0.0419377227546309,-0.0312091585419938
"573",1973,9,826969,0.0667509374801482,0.0542819233454843
"574",1973,10,872318,-0.00102178962585224,-0.0017573316271529
"575",1973,11,869685,-0.160701511754791,-0.121938994256732
"576",1973,12,758937,-0.0383078395905395,0.0137450218747458
"577",1974,1,765794,0.120135820057929,0.00465397754515438
"578",1974,2,767782,0.00610554667635307,0.00113450855105969
"579",1974,3,764283,0.0085071340987775,-0.0225603420423785
"580",1974,4,745711,-0.0480577795105283,-0.0453615863525546
"581",1974,5,710416,-0.0640216345644446,-0.0393545583422967
"582",1974,6,678581,-0.0281773202340645,-0.0222513101010094
"583",1974,7,661464,-0.0469134775040357,-0.0734216144286629
"584",1974,8,611180,-0.0720439611376145,-0.0874815509919045
"585",1974,9,552959,-0.0707458872740824,-0.10959855126008
"586",1974,10,490933,0.0800387923470127,0.166057027599565
"587",1974,11,570834,-0.0432731771608829,-0.039653090392291
"588",1974,12,546153,-0.0679562991356633,-0.0274938003272933
"589",1975,1,531640,0.252922723456325,0.142473112518143
"590",1975,2,606854,0.0496001715819637,0.0598944571742957
"591",1975,3,640283,0.071090351371807,0.0307015359466593
"592",1975,4,663981,0.0306683913701741,0.0466325824884389
"593",1975,5,694960,0.0659624790011351,0.0562811848098722
"594",1975,6,731492,0.0631447354433878,0.0526925869820311
"595",1975,7,768911,-0.00698561387756413,-0.061057213361583
"596",1975,8,720765,-0.0413480834437086,-0.0236756017095873
"597",1975,9,700205,-0.0326618746564068,-0.0373349065419183
"598",1975,10,672057,0.0147870961210224,0.058601215596415
"599",1975,11,710185,0.0161714829416224,0.0305387896858846
"600",1975,12,728951,-0.00409341936452279,-0.0112831425018306
"601",1976,1,719349,0.164250737440758,0.126195274397608
"602",1976,2,809752,0.0928051992050812,0.0065864272340887
"603",1976,3,812814,0.0186115272915446,0.0272422351038614
"604",1976,4,833743,-0.00396351222705249,-0.0106450142402606
"605",1976,5,824944,-0.0171896137225171,-0.00968486426057887
"606",1976,6,813302,0.0241671385165384,0.044807069660215
"607",1976,7,848898,0.00239355703870766,-0.00595774865083325
"608",1976,8,837879,-0.0138815237915408,-0.00138657867630376
"609",1976,9,832090,0.0151887028693752,0.0249999785629666
"610",1976,10,855753,-0.0191282047721876,-0.0201403584192481
"611",1976,11,838628,0.0232500006601097,0.00753072930821027
"612",1976,12,841997,0.0886299389614733,0.060549970134149
"613",1977,1,891592,0.0326254608175537,-0.0367202913528223
"614",1977,2,856075,0.00279860723908918,-0.0158988524992353
"615",1977,3,838468,0.00984875654152446,-0.0099100381608775
"616",1977,4,830568,0.0154224633038504,0.00524516134594595
"617",1977,5,835376,0.00289634986144179,-0.0108131394372094
"618",1977,6,821046,0.0471521127743463,0.051108799869737
"619",1977,7,863313,0.0105426938178497,-0.0126866512130225
"620",1977,8,851490,-0.00265543897048618,-0.01307746062196
"621",1977,9,835286,0.0128641561088269,0.00164241488531271
"622",1977,10,835497,-0.0203617101782634,-0.0389136831113225
"623",1977,11,800703,0.0625163404980973,0.0449471326391114
"624",1977,12,830753,0.0190583010206746,0.00753771976962615
"625",1978,1,838782,-0.0108141337279734,-0.0550884748045387
"626",1978,2,788619,0.0234111872504821,-0.00918022126160294
"627",1978,3,775040,0.0597541857099562,0.0337357714498247
"628",1978,4,798206,0.0720616819119651,0.084066091747705
"629",1978,5,864386,0.062358418292147,0.0227009583019834
"630",1978,6,875708,0.00897163802024207,-0.0115073635557494
"631",1978,7,864635,0.0457417061694651,0.0566123037755799
"632",1978,8,911739,0.0832086759349435,0.0429921688477841
"633",1978,9,944666,0.00460921799002341,-0.00808027793582536
"634",1978,10,936510,-0.161654263928746,-0.112200065526542
"635",1978,11,828575,0.0375730211398018,0.0342158478408595
"636",1978,12,850798,0.0115801116967452,0.0166074700326944
"637",1979,1,867452,0.0835563088156465,0.0499480559741449
"638",1979,2,906648,-0.0160480101022506,-0.0281180675110852
"639",1979,3,872528,0.0742984705686169,0.0648170362250589
"640",1979,4,925892,0.0255121750298948,0.00736751636225322
"641",1979,5,928425,-0.00399224054219913,-0.0135097360691553
"642",1979,6,908080,0.0487712679061558,0.0465298846900142
"643",1979,7,947831,0.020375651994351,0.0159052656162013
"644",1979,8,960801,0.0669597291873634,0.0629071630953573
"645",1979,9,1014840,-0.00231753041882836,0.000203949715027491
"646",1979,10,1012186,-0.0869326820998938,-0.0721327679995303
"647",1979,11,935948,0.0588028513400993,0.0619577076645298
"648",1979,12,988526,0.0605213165939949,0.0273772752884515
"649",1980,1,1018293,0.0929688335700006,0.062942264553484
"650",1980,2,1074578,-0.00592468146379394,-0.00333103179672964
"651",1980,3,1060934,-0.147849459391011,-0.116866404978468
"652",1980,4,934381,0.0460606756672933,0.0522227833980778
"653",1980,5,982864,0.0625021855697653,0.060559161201417
"654",1980,6,1035773,0.0401345994092852,0.0367324141594845
"655",1980,7,1072983,0.0808454974500999,0.0701970149212092
"656",1980,8,1149034,0.0588761388311457,0.0244651745561261
"657",1980,9,1170845,0.0463644758247352,0.029428393484443
"658",1980,10,1206985,0.0432023421293181,0.0202021805441383
"659",1980,11,1227584,0.0643130916807868,0.105481038553174
"660",1980,12,1348360,-0.0280912509852409,-0.0317816953743778
"661",1981,1,1314123,0.00557910246531421,-0.0399909521109097
"662",1981,2,1259722,0.00208827104930915,0.0164040340796691
"663",1981,3,1270464,0.0653875096619543,0.0476703417392643
"664",1981,4,1330324,0.0256500918027013,-0.0109875578269567
"665",1981,5,1316343,0.0256702795249429,0.0126255034467557
"666",1981,6,1326723,-0.0116700784081801,-0.00993924125396266
"667",1981,7,1312897,-0.0176262810742152,-0.00298503182402022
"668",1981,8,1307840,-0.0666261210697506,-0.0572865549908543
"669",1981,9,1225579,-0.0800670596065651,-0.0589754418407636
"670",1981,10,1140985,0.0643051345878136,0.0612563713965146
"671",1981,11,1206773,0.0169719524830297,0.0442296768322279
"672",1981,12,1257916,-0.0179783285779918,-0.0275532083860648
"673",1982,1,1224602,-0.0157733100374398,-0.0244115400135037
"674",1982,2,1192169,-0.0426804977667193,-0.0492758962241932
"675",1982,3,1123469,-0.0106452719119656,-0.00855015223207288
"676",1982,4,1095104,0.0476763921603723,0.0440034215133669
"677",1982,5,1143551,-0.0212093632777479,-0.0285061786466244
"678",1982,6,1099413,-0.0323853929073463,-0.0210003863330701
"679",1982,7,1064775,-0.0153697900960451,-0.0213954640395101
"680",1982,8,1039621,0.0563757871817586,0.11888586415736
"681",1982,9,1160062,0.0294461147894926,0.0180929892963561
"682",1982,10,1180250,0.112748437521281,0.118846018957097
"683",1982,11,1318084,0.0805994253789071,0.0530733241205545
"684",1982,12,1381532,0.0187182938765779,0.012341144821531
"685",1983,1,1406011,0.0981614984178482,0.0428230589077142
"686",1983,2,1458153,0.0478824755014149,0.0320436826904878
"687",1983,3,1498219,0.0443683278504698,0.0345184824583192
"688",1983,4,1554091,0.0705931273514661,0.0738104329287421
"689",1983,5,1670789,0.0803251042639013,0.0121298093993589
"690",1983,6,1688853,0.0429480209413472,0.0373925843401084
"691",1983,7,1767253,-0.016535229439846,-0.0332226226687631
"692",1983,8,1711255,-0.0302262515988571,0.00248388549748642
"693",1983,9,1711797,0.00764907861948774,0.0170781835020889
"694",1983,10,1747914,-0.04953253088,-0.0268335771212224
"695",1983,11,1704056,0.0253563037171779,0.0286446801192411
"696",1983,12,1749078,-0.0175711207769852,-0.010479851272107
"697",1984,1,1736697,0.00320019185266387,-0.0115967813685169
"698",1984,2,1717432,-0.050295038471932,-0.0404836364278399
"699",1984,3,1627086,0.00543397328514867,0.0136205135939015
"700",1984,4,1644942,-0.0177270527372895,0.00299972480225973
"701",1984,5,1645400,-0.0449968407721692,-0.0518353873842138
"702",1984,6,1551790,0.012983109126955,0.0255824789439317
"703",1984,7,1569781,-0.0416013177928826,-0.0191882285670623
"704",1984,8,1536084,0.0791250281470518,0.110853135393748
"705",1984,9,1694481,-0.00167726209184954,0.000570637771203591
"706",1984,10,1683223,-0.0199796358145839,0.00146887444800832
"707",1984,11,1678348,-0.0290400051999112,-0.0103110617892579
"708",1984,12,1644578,0.00584587711504362,0.0247148758119727
"709",1985,1,1679236,0.109793621743194,0.0861143957257122
"710",1985,2,1815222,0.0431958123699279,0.0180109763749036
"711",1985,3,1836592,-0.010714176425388,-0.00225958142458041
"712",1985,4,1826732,-0.0109975671739321,-0.00239486901441925
"713",1985,5,1819991,0.0199091119545331,0.05727062610056
"714",1985,6,1906133,0.00220178422934308,0.0182110704097553
"715",1985,7,1918903,0.0204552633272044,-0.000689785983384691
"716",1985,8,1911096,-0.00422451494838053,-0.00462037294485558
"717",1985,9,1888323,-0.0511496707253565,-0.0391320571044262
"718",1985,10,1801615,0.0159860856339431,0.046588272428561
"719",1985,11,1884498,0.0466744502092825,0.0705454886567518
"720",1985,12,1995949,0.0264047262966111,0.0452274375170026
"721",1986,1,2084927,0.0380760438405997,0.0121050721837735
"722",1986,2,2103794,0.0550520409513051,0.0764765927937016
"723",1986,3,2253194,0.0416345565451083,0.0547499172970496
"724",1986,4,2375458,0.0126892188501797,-0.0075982839683081
"725",1986,5,2340260,0.0323317906661126,0.0510577617302048
"726",1986,6,2456581,0.0071336245179846,0.0155781893899211
"727",1986,7,2499027,-0.0660061757380863,-0.0591623108597112
"728",1986,8,2355581,0.0152502549066472,0.0651204395183078
"729",1986,9,2502255,-0.0559205503978713,-0.0812678107014795
"730",1986,10,2292839,0.0212700249371011,0.0510729770336416
"731",1986,11,2402052,-0.00660924806247934,0.0155410570319146
"732",1986,12,2428020,-0.0314215462342861,-0.0275401860406541
"733",1987,1,2349648,0.101750573617813,0.12857078552347
"734",1987,2,2650517,0.0667565353306602,0.0481120364931636
"735",1987,3,2769703,0.0271401501561653,0.0210545517564875
"736",1987,4,2828904,-0.0179574500602613,-0.0165013573276344
"737",1987,5,2773380,-8.324151740466e-05,0.00484464288943027
"738",1987,6,2783778,0.0179772818693851,0.043893072598827
"739",1987,7,2895046,0.0273999882368761,0.042883972172242
"740",1987,8,3010454,0.0141000581278987,0.0399113962425079
"741",1987,9,3113213,-0.0133619852906484,-0.021317308592039
"742",1987,10,3051521,-0.236945297809733,-0.225824891764766
"743",1987,11,2349984,-0.0465968061679968,-0.0739442188726171
"744",1987,12,2162382,0.024897394935738,0.0720715998956489
"745",1988,1,2310504,0.0680811496045511,0.0450224450037849
"746",1988,2,2403513,0.0551830354493881,0.0521242459977559
"747",1988,3,2504264,0.0311648360631873,-0.0182363826011471
"748",1988,4,2449271,0.0128891419689888,0.0102810679644607
"749",1988,5,2464336,-0.0147731395652555,0.00220675673305209
"750",1988,6,2454856,0.0431013703223588,0.0526662924210258
"751",1988,7,2558723,-0.000165963670851628,-0.00738590770764023
"752",1988,8,2528548,-0.0192012051326146,-0.027134693978184
"753",1988,9,2444403,0.0163572283627351,0.0391296808202934
"754",1988,10,2531355,-0.01220957863059,0.0176616087834306
"755",1988,11,2562249,-0.0339832734310202,-0.0171181752498944
"756",1988,12,2500743,0.0178220929547858,0.0210920452754853
"757",1989,1,2507908,0.0532487130363318,0.0662713875498972
"758",1989,2,2657427,0.00301402792277419,-0.0163745069025391
"759",1989,3,2599181,0.0145494532023232,0.0223618601725533
"760",1989,4,2647723,0.0258757226014365,0.0500645254996452
"761",1989,5,2753480,0.0242886101633035,0.0410151599390875
"762",1989,6,2845061,-0.00905877638857111,-0.00629475612850554
"763",1989,7,2817641,0.0243228811939226,0.0787276472543143
"764",1989,8,3019569,0.0164568798411122,0.0217943254815881
"765",1989,9,3074022,0.00218931759334747,-0.00115942322375892
"766",1989,10,3064746,-0.0444605085519905,-0.0297927841302625
"767",1989,11,2968731,-0.00895788971990364,0.017149691539358
"768",1989,12,3002711,-0.0129075574556054,0.0176989791235602
"769",1990,1,3056431,-0.0428113198102513,-0.0722677889169705
"770",1990,2,2811358,0.0168996248157785,0.0168227160453235
"771",1990,3,2848818,0.021788024714934,0.0247133358962618
"772",1990,4,2916807,-0.0215125430892303,-0.0266600706094147
"773",1990,5,2835762,0.0383772083297332,0.0909651683354823
"774",1990,6,3082688,0.0044083124348982,-0.0046353109621909
"775",1990,7,3060850,-0.0258982088600996,-0.0122190079098957
"776",1990,8,3018437,-0.0962548213469631,-0.0946303111209778
"777",1990,9,2713750,-0.0680712662666812,-0.0551690969929783
"778",1990,10,2558487,-0.051635564016528,-0.0124040471849694
"779",1990,11,2518338,0.0309341230124038,0.0690520931513549
"780",1990,12,2679071,-0.00299090017240038,0.0306057454428112
"781",1991,1,2749403,0.0736564624897953,0.0520008360765394
"782",1991,2,2883210,0.114405094179585,0.0766198691605693
"783",1991,3,3093399,0.0693615735566751,0.0309801768587786
"784",1991,4,3197362,0.0263830158648875,0.00254973493635664
"785",1991,5,3202481,0.0245697234290713,0.0412070097800213
"786",1991,6,3330177,-0.0298679818616742,-0.0452235005638415
"787",1991,7,3195847,0.0293177270654662,0.0472599161676778
"788",1991,8,3344848,0.0257548778834825,0.0277716876504888
"789",1991,9,3431680,0.00659943360351949,-0.011347526191699
"790",1991,10,3407629,0.0206699646575708,0.0171056563318409
"791",1991,11,3468072,-0.0204460523058598,-0.0379294598395229
"792",1991,12,3329596,0.031192391461302,0.112169826747318
"793",1992,1,3710848,0.13294502616602,-0.00251690510445747
"794",1992,2,3703932,0.0453867678121883,0.0136597912032972
"795",1992,3,3751705,-0.0123175835740694,-0.0231628206840471
"796",1992,4,3697950,-0.0317785552488704,0.0140580567206595
"797",1992,5,3743468,0.00210507956194337,0.00575710235660822
"798",1992,6,3755828,-0.0352472110625887,-0.0200873442724006
"799",1992,7,3703352,0.0225683177081375,0.0408004508311738
"800",1992,8,3851758,-0.0218122551060071,-0.0211690964567744
"801",1992,9,3760705,0.0113692811701423,0.0145146791568986
"802",1992,10,3817806,0.0173538077828683,0.0124480349095162
"803",1992,11,3862680,0.0615891497550735,0.0436286609221478
"804",1992,12,4022607,0.0310509103612392,0.0181550694013604
"805",1993,1,4116410,0.0567994693635886,0.0116414387549155
"806",1993,2,4163692,-0.012669490512527,0.00342603390026701
"807",1993,3,4175501,0.0232282994136351,0.0256749580774705
"808",1993,4,4302730,-0.0150193006190495,-0.0280891012988725
"809",1993,5,4182906,0.032341032259252,0.0310189047621712
"810",1993,6,4308682,0.0100268204728502,0.00557894144699517
"811",1993,7,4376012,0.0103457262103115,-0.00104096084877296
"812",1993,8,4371442,0.0327413702457193,0.0396519001474633
"813",1993,9,4535754,0.0229369565123539,0.00138243681100739
"814",1993,10,4561646,0.03250878553137,0.0163564295380904
"815",1993,11,4635617,-0.0194127903392723,-0.0161626026520101
"816",1993,12,4557738,0.00939224632791641,0.0187543135434852
"817",1994,1,4668038,0.039812034037256,0.0311834218273962
"818",1994,2,4820490,-0.00560219774456715,-0.023326825994394
"819",1994,3,4707533,-0.0350150432263257,-0.0450864137602158
"820",1994,4,4501759,-0.0123701673379779,0.0095127134753276
"821",1994,5,4538455,-0.00162801392241383,0.00894620339918586
"822",1994,6,4576643,-0.0223500831132548,-0.0272598422508223
"823",1994,7,4459602,0.0113672337130755,0.0309127298816633
"824",1994,8,4595387,0.0314022450011945,0.0438452961315788
"825",1994,9,4777389,0.00576709693009959,-0.0191858072008698
"826",1994,10,4686896,0.000816650539050339,0.0173093801172776
"827",1994,11,4763044,-0.0346468735755202,-0.0365787726853179
"828",1994,12,4570232,-0.0101903171753167,0.0130323830824173
"829",1995,1,4628228,0.0252533136786585,0.0221692956889507
"830",1995,2,4717685,0.0249935166568488,0.0403114494245661
"831",1995,3,4900420,0.0147297201419044,0.0265035032973064
"832",1995,4,5037139,0.0194253670924638,0.0255210129282121
"833",1995,5,5154971,0.0155967816163649,0.0343085175436521
"834",1995,6,5319304,0.0431455925657424,0.0318994853865565
"835",1995,7,5495483,0.0480679885074362,0.0416456464395046
"836",1995,8,5712148,0.02815759718112,0.0101708622555605
"837",1995,9,5774061,0.0226326242679452,0.0378258352192187
"838",1995,10,6001554,-0.0350287855019896,-0.0104187331542591
"839",1995,11,5943483,0.0132386536802477,0.043769478617595
"840",1995,12,6206753,0.00602684161968383,0.0152664486397498
"841",1996,1,6310460,0.0227280568139444,0.0268809191437336
"842",1996,2,6480268,0.0291454485147344,0.017202467813892
"843",1996,3,6584660,0.021073138392557,0.0113291902436977
"844",1996,4,6648656,0.0505124512038175,0.0252300937425148
"845",1996,5,6867171,0.0541648612475951,0.0278054780348386
"846",1996,6,7078532,-0.0282372026942845,-0.00733610601506083
"847",1996,7,7054340,-0.0701668986978592,-0.0550772115013943
"848",1996,8,6656374,0.0370849955486742,0.0318295124618094
"849",1996,9,6862387,0.0249732482660674,0.0544548052292756
"850",1996,10,7238732,-0.0198785475334758,0.0129197661435081
"851",1996,11,7316609,0.018470022072282,0.0665552497575426
"852",1996,12,7801992,-0.00360851475311824,-0.0123540252978557
"853",1997,1,7682849,0.051878641299254,0.0542610248270737
"854",1997,2,8109976,-0.0121840643091936,-0.000953320761956786
"855",1997,3,8093889,-0.0425612050029453,-0.0458415420923501
"856",1997,4,7711854,-0.0206516566263326,0.0447121285100697
"857",1997,5,8051817,0.0733488034950749,0.0722261091409242
"858",1997,6,8611413,0.035374222505154,0.0447420326318978
"859",1997,7,8985586,0.0398750977339987,0.0774153688779316
"860",1997,8,9644257,0.0271914625235788,-0.0369036339072765
"861",1997,9,9289490,0.0680383786975061,0.0578624438960535
"862",1997,10,9857970,-0.0170838694257581,-0.0337520466175947
"863",1997,11,9518203,-0.0172724073645173,0.0337580429178518
"864",1997,12,9828617,-0.0230789406416034,0.0181051823008661
"865",1998,1,10017107,0.0113560704145187,0.00572746344648146
"866",1998,2,10060229,0.0499745302661588,0.0741927492491944
"867",1998,3,10789388,0.0393850997133496,0.0514866725168795
"868",1998,4,11368051,0.0212814547817773,0.0116961065012243
"869",1998,5,11490226,-0.0362465420367213,-0.026607188831814
"870",1998,6,11198540,-0.0229523356430101,0.0359205442404277
"871",1998,7,11641324,-0.0441366387810649,-0.0202782333753157
"872",1998,8,11427029,-0.160329931203799,-0.156320566551929
"873",1998,9,9618773,0.031295112728961,0.0665137596896624
"874",1998,10,10211463,0.026190705250527,0.0733339238709024
"875",1998,11,10996413,0.0648312610335456,0.0637541186221719
"876",1998,12,11618328,0.0182119896031194,0.0652366534938928
"877",1999,1,12277538,0.0568000938720256,0.038559093987057
"878",1999,2,12781596,-0.0384925356051656,-0.0372241656598514
"879",1999,3,12317346,-0.00652681633718872,0.0390051076765071
"880",1999,4,12796550,0.0657748412662439,0.0470507825516783
"881",1999,5,13418670,0.0251877994559738,-0.0211876613921296
"882",1999,6,13186814,0.0298043673784923,0.051665041360377
"883",1999,7,13819019,0.00654426229200638,-0.0309897940076429
"884",1999,8,13417300,-0.0265180492128106,-0.00987892811123903
"885",1999,9,13304042,-0.0126039129164184,-0.0240010637082734
"886",1999,10,13000556,-0.00048386143596532,0.0648818341043596
"887",1999,11,13938008,0.0752065074914593,0.0377170268250208
"888",1999,12,14464224,0.067029411756159,0.0815063498844898
"889",2000,1,15781021,0.0400455717010236,-0.0432692648067226
"890",2000,2,15094996,0.0984088006402197,0.0288990203009248
"891",2000,3,15646175,0.000707390304045553,0.0568000537227138
"892",2000,4,16734506,-0.0745863320661566,-0.0594591586174864
"893",2000,5,15826273,-0.049217293053809,-0.0389015228864049
"894",2000,6,15217767,0.065112187805765,0.0508726154293836
"895",2000,7,15903236,-0.0166679297858072,-0.0201104599734925
"896",2000,8,15687164,0.0480016222112352,0.075316082116508
"897",2000,9,16898982,-0.0318406157345137,-0.049308183397046
"898",2000,10,16134604,-0.0524392639028497,-0.0222162193813146
"899",2000,11,15751367,-0.10015816762852,-0.101927165083799
"900",2000,12,14099098,-0.0108814930213036,0.0168516138958035
"901",2001,1,14322124,0.188579158811915,0.0378736876127727
"902",2001,2,14877420,-0.0611350609127994,-0.0965919564387258
"903",2001,3,13408832,-0.0562100760622553,-0.0683894920565562
"904",2001,4,12505003,0.0574438397875358,0.0832360846226892
"905",2001,5,13556999,0.0511762576212456,0.0100325506625714
"906",2001,6,13669540,0.0101821754622481,-0.0165383962555379
"907",2001,7,13458759,-0.0226929245984658,-0.018348398591379
"908",2001,8,13209406,-0.0303080475304046,-0.0609066890596617
"909",2001,9,12385121,-0.0991541372067316,-0.08969282151341
"910",2001,10,11260583,0.0623647512267495,0.0270456504647312
"911",2001,11,11570526,0.0580920397957582,0.0770235597438187
"912",2001,12,12436249,0.0472691338448077,0.0175935399980165
"913",2002,1,12658924,0.0140379731473443,-0.0129547074806461
"914",2002,2,12469957,-0.0293590479983067,-0.0216439597936934
"915",2002,3,12192145,0.060070610883618,0.0437169992027856
"916",2002,4,12739780,-0.00140100569611869,-0.0505072717932452
"917",2002,5,12108571,-0.0178541931072108,-0.0121247170303735
"918",2002,6,11939573,-0.0513572605715009,-0.0707772474504847
"919",2002,7,11079212,-0.0870512483188335,-0.0804446006717688
"920",2002,8,10182087,0.000721107781128212,0.00635307660756414
"921",2002,9,10200328,-0.0629878946059425,-0.102000330227057
"922",2002,10,9157041,0.0320759901634217,0.0796403660497763
"923",2002,11,9873458,0.0933575713504647,0.0606936075708347
"924",2002,12,10453282,-0.0369499458916587,-0.0564430560330938
"925",2003,1,9852015,0.00143264186222676,-0.024692357430607
"926",2003,2,9596180,-0.0189127385204153,-0.0179544376382082
"927",2003,3,9402514,0.00800993886532495,0.011930214612988
"928",2003,4,9499679,0.0719048658227607,0.0827466806166465
"929",2003,5,10278824,0.101584545538114,0.0613693429884097
"930",2003,6,10883890,0.037804571789762,0.0151978559728529
"931",2003,7,11046933,0.0510094691600473,0.0240126162537448
"932",2003,8,11305364,0.0353991958992257,0.0239714774661468
"933",2003,9,11572238,0.0165059714047824,-0.0115362476365935
"934",2003,10,11473000,0.0590229563358865,0.061496074077406
"935",2003,11,12166788,0.0264571859033769,0.0141938495922373
"936",2003,12,12339551,0.0244594762554044,0.0436666347534707
"937",2004,1,12846750,0.0500782283156547,0.0222259498941397
"938",2004,2,13117902,0.00814429350000201,0.0146293522268919
"939",2004,3,13322012,0.00119912945520095,-0.0122972968804801
"940",2004,4,13134149,-0.0213039027743537,-0.0173861081014542
"941",2004,5,12953024,-0.000685335144716545,0.0123457111917468
"942",2004,6,13098401,0.0169615240533037,0.0193779438813456
"943",2004,7,13269996,-0.0446571804800856,-0.0396319374034118
"944",2004,8,12800038,-0.00990844967355589,0.00186112189372869
"945",2004,9,12801144,0.0288627825991582,0.017173612554508
"946",2004,10,12992380,0.0129824331492915,0.0153763075656231
"947",2004,11,13137284,0.0607792774624705,0.0469730609199583
"948",2004,12,13757551,0.0414862074542682,0.0358359673574486
"949",2005,1,14271133,-0.0245002416353889,-0.0258816077879681
"950",2005,2,13881410,0.00694102521267835,0.020460139586731
"951",2005,3,14150236,-0.0202635791724197,-0.0172241599582799
"952",2005,4,13884951,-0.0391631857329473,-0.0240172350231575
"953",2005,5,13543876,0.0331832462880709,0.0389094512972294
"954",2005,6,14025877,0.0236448828313174,0.00797363874418427
"955",2005,7,14115524,0.0446164263347249,0.0415285168152709
"956",2005,8,14672015,-0.00758851996950687,-0.00896766707097297
"957",2005,9,14484957,0.00403791654820373,0.00768283586720286
"958",2005,10,14528950,-0.0222713418662094,-0.0177655025434055
"959",2005,11,14303520,0.0245756297080312,0.0392286947814024
"960",2005,12,14831186,0.00575154689866044,0.00077948977831311
"961",2006,1,14761784,0.0533496310466497,0.0338727373682994
"962",2006,2,15199663,0.00301611651452874,0.000380912957590216
"963",2006,3,15212259,0.0284971920284618,0.0183479400860747
"964",2006,4,15422666,0.00473170098063258,0.0108666257947871
"965",2006,5,15558367,-0.0325025108231385,-0.0312554722705587
"966",2006,6,15051635,-0.00594543876171678,0.000493440060751271
"967",2006,7,15018565,-0.0232442665807191,-0.00378653624534554
"968",2006,8,14932132,0.0144754656354431,0.0244841475674759
"969",2006,9,15188944,0.00630793376413773,0.022510258117275
"970",2006,10,15476634,0.0326763547108898,0.0363365763273833
"971",2006,11,16024375,0.018207438292536,0.0212884570280086
"972",2006,12,16282108,0.00915046156072762,0.0125792059917534
"973",2007,1,16369396,0.0155064212152915,0.0184405628749367
"974",2007,2,16702590,0.00130528432888264,-0.0157255045466865
"975",2007,3,16386559,0.00197283552044608,0.0111537811197525
"976",2007,4,16537079,0.0146863727425168,0.0391931804967656
"977",2007,5,17137774,0.0156088303770157,0.0364542125682928
"978",2007,6,17684112,-0.00457514397086356,-0.0155713391983934
"979",2007,7,17334992,-0.0325556544193366,-0.0332012034000934
"980",2007,8,16684614,-0.00758343517562754,0.0133854715191206
"981",2007,9,16831393,0.010383023969072,0.0353852876868333
"982",2007,10,17305127,0.00718051253194229,0.0212305580221222
"983",2007,11,17559248,-0.0529457739549669,-0.0446265411289608
"984",2007,12,16640141,-0.00910351933366309,-0.00587232391268997
"985",2008,1,16489742,-0.0338287184909367,-0.0612831536499138
"986",2008,2,15420061,-0.0170176492570544,-0.0295290446338958
"987",2008,3,14879359,-0.0175496089031293,-0.00766592945475023
"988",2008,4,14746339,0.0144266505137081,0.0477787787654149
"989",2008,5,15409133,0.0214375341093888,0.0203661011200991
"990",2008,6,15673413,-0.0590781416343076,-0.0825935661933374
"991",2008,7,14346824,0.00526102098702919,-0.0061445816380306
"992",2008,8,14225391,0.0150538614991421,0.0165050084033143
"993",2008,9,14407248,-0.070216416983603,-0.0913896355184382
"994",2008,10,13067656,-0.134320389651888,-0.170995032585921
"995",2008,11,10766297,-0.0881643715063781,-0.0772818518842448
"996",2008,12,9843190,0.0186472785830992,0.0176833839216886
"997",2009,1,9948762,-0.0245514808214408,-0.0810935265566976
"998",2009,2,9148051,-0.0744377568254947,-0.100774935751084
"999",2009,3,8175139,0.0814026829696881,0.0898223981298522
"1000",2009,4,8783795,0.133850765121413,0.101782091801321
"1001",2009,5,9661106,0.0601914465652784,0.0520777787374933
"1002",2009,6,10181456,0.0214762062593062,0.00436862285915829
"1003",2009,7,10238260,0.0537501042684882,0.077326815276118
"1004",2009,8,11037091,0.0409088575044669,0.0333615216471859
"1005",2009,9,11428719,0.0430527953661954,0.0408423623553537
"1006",2009,10,11949733,-0.0384160124118085,-0.0254986843815553
"1007",2009,11,11590945,0.0106141985816189,0.0556962724282663
"1008",2009,12,12202082,0.0408928637354958,0.0275351012356294
"1009",2010,1,12553816,-0.00442875970991271,-0.0334742980737622
"1010",2010,2,12120752,0.0228990745662205,0.0339165403916224
"1011",2010,3,12485013,0.047310215441488,0.0631884455411525
"1012",2010,4,13303570,0.0455128539262161,0.020101549251608
"1013",2010,5,13554129,-0.0492998780455047,-0.0788052390473733
"1014",2010,6,12460546,-0.0453581699122693,-0.0554344933589123
"1015",2010,7,11749499,0.0331254386198726,0.0692257734104031
"1016",2010,8,12514897,-0.0403430501409286,-0.047576054539512
"1017",2010,9,11875730,0.064289655268787,0.0955492945707624
"1018",2010,10,12966359,0.0257951119336689,0.0388165615229008
"1019",2010,11,13442967,0.0123596960974937,0.00605725347411228
"1020",2010,12,13573315,0.0492560147021331,0.0682714351027537
"1021",2011,1,14481725,0.0106385664003373,0.0199602047684631
"1022",2011,2,14798472,0.0252350924381069,0.034961022294887
"1023",2011,3,15267455,0.0060911365577368,0.00453466740257488
"1024",2011,4,15330220,0.00756325404868647,0.0289987081436059
"1025",2011,5,15761110,-0.0117720975480696,-0.0126768090665086
"1026",2011,6,15501928,-0.014854425134875,-0.017394841815291
"1027",2011,7,15178218,-0.0146100225641026,-0.0235407053467236
"1028",2011,8,14792406,-0.0524239545860155,-0.059713656495834
"1029",2011,9,13841544,-0.0608360877886953,-0.0756962127335346
"1030",2011,10,12725771,0.0677127262415656,0.113360726227054
"1031",2011,11,14118783,-0.0108544758543686,-0.0027949210561853
"1032",2011,12,13984580,0.000139785633405528,0.00739981364332054
"1033",2012,1,14045776,0.050452125167902,0.0505285366634021
"1034",2012,2,14693776,0.022083623019368,0.0442020718917721
"1035",2012,3,15276558,0.0176106979445442,0.0312114151082868
"1036",2012,4,15722662,-0.00670040806623872,-0.00850531402364003
"1037",2012,5,15570519,-0.0386337675905454,-0.0616508995468966
"1038",2012,6,14547839,0.021142244456212,0.0389464411936538
"1039",2012,7,15075522,-0.00570707049910965,0.00790181401990267
"1040",2012,8,15149765,0.0148476688577271,0.0255402610782965
"1041",2012,9,15456146,0.020960658617968,0.0273789667683594
"1042",2012,10,15849148,-0.0104849591146061,-0.0174800844990278
"1043",2012,11,15542938,0.00152995586737734,0.00784416640878226
"1044",2012,12,15599532,0.0138862150347068,0.0118597273034044
"1045",2013,1,15718793,0.0393977374861205,0.0557068405943462
"1046",2013,2,16569332,0.00613429898721245,0.0129106826097438
"1047",2013,3,16697445,0.024020178527889,0.0403741411597702
"1048",2013,4,17369963,-0.000805433387623207,0.0155747568392762
"1049",2013,5,17618244,0.0259494564831799,0.0280310696205771
"1050",2013,6,18080369,8.94260340027974e-05,-0.0118999262912442
"1051",2013,7,17784022,0.0394812295250698,0.0564326399105107
"1052",2013,8,18736926,-0.0112649466206271,-0.0270319100512416
"1053",2013,9,18183297,0.031093861575035,0.0376738014167201
"1054",2013,10,18827001,0.0133531321613142,0.0417216483174124
"1055",2013,11,19535858,0.0217885970366066,0.0312453944319544
"1056",2013,12,20115761,0.016473216657762,0.0280597756953928
"1057",2014,1,20650941,0.000198668037189388,-0.0331626596224226
"1058",2014,2,19922126,0.0250432757752679,0.0465320953429263
"1059",2014,3,20838069,-8.58764401378722e-05,0.00432916783949431
"1060",2014,4,20893913,-0.0217737703780592,-0.00186726497007226
"1061",2014,5,20859968,0.000739991570477296,0.0206394250132686
"1062",2014,6,21226727,0.0253239042595565,0.0261200697181051
"1063",2014,7,21731826,-0.0255191920632679,-0.020402954496946
"1064",2014,8,21277230,0.0215636872886133,0.0423271622676387
"1065",2014,9,22087533,-0.0246751169479895,-0.019679292615553
"1066",2014,10,21610231,0.0141515380017994,0.0250881006918369
"1067",2014,11,22116436,-0.00072250852431526,0.025472953147596
"1068",2014,12,22589083,0.00983860329194239,-0.000598934682898479
"1069",2015,1,22582713,-0.0178489071817401,-0.0310278932876005
"1070",2015,2,21746006,0.0357805060575323,0.0613005532456526
"1071",2015,3,22968037,0.000326861278789342,-0.0110274367696588
"1072",2015,4,22553326,0.000135352248788724,0.00594122331750201
"1073",2015,5,22666629,0.00611758425866972,0.0136023750267407
"1074",2015,6,22859682,-0.00119746092660654,-0.0152752331361318
"1075",2015,7,22448527,-0.0159869588605516,0.0154148499470019
"1076",2015,8,22781959,-0.0238670930993479,-0.0602196187621124
"1077",2015,9,21320326,-0.0303158854953517,-0.0307204531142883
"1078",2015,10,20588642,0.0255897680581025,0.0774457059841776
"1079",2015,11,22085384,0.0126641831601334,0.00565399633615186
"1080",2015,12,22107723,-0.0238913466993925,-0.0215712372780904
"1081",2016,1,21559663,-0.0498609480549932,-0.0575366245346347
"1082",2016,2,20157270,8.11038440727324e-05,-0.00055113536418003
"1083",2016,3,20005204,0.0427085268779032,0.0697358216640915
"1084",2016,4,21305467,0.0187718025778477,0.00923519212057551
"1085",2016,5,21422136,0.00230059866111817,0.0178298287614271
"1086",2016,6,21650748,-0.00201535913014801,-0.000225208094863803
"1087",2016,7,21576004,0.0293020133750001,0.039734885037216
"1088",2016,8,22367570,0.0110983029004142,0.00514918281166239
"1089",2016,9,22398928,0.0112875820746027,0.00283724252297453
"1090",2016,10,22329301,-0.0277974427782183,-0.0200511527690363
"1091",2016,11,21845589,0.0449380247267603,0.0487662815039003
"1092",2016,12,22812187,0.00975312529326616,0.018397493431101
"1093",2017,1,23161608,0.00860379724409449,0.0197141886523409
"1094",2017,2,23565635,0.00919169167610027,0.0359256374018815
"1095",2017,3,24293787,0.00275805349145756,0.0020243492493744
"1096",2017,4,24278688,0.000410289580103859,0.0113883581244715
"1097",2017,5,24530639,-0.0110851692550077,0.0111964498259994
"1098",2017,6,24731339,0.0181233231689569,0.0085865247311529
"1099",2017,7,24833228,-0.000435917378518414,0.0193770475529025
"1100",2017,8,25149150,-0.00833428749648871,0.00254895137561198
"1101",2017,9,24996731,0.0360587770181201,0.0260713715329332
"1102",2017,10,25755392,-0.00025038243493891,0.0233174059881341
"1103",2017,11,26274186,0.0164420067113946,0.0320444499167501
"1104",2017,12,27044248,0.00592364554288129,0.0114230547721858
