"","Year","Month","Bond_lag_MV","Bond_Ew_Ret","Bond_Vw_Ret"
"1",1926,1,809,0.0108307693,0.0133947648241038
"2",1926,2,809,0.00502995875,0.0061540892487021
"3",1926,3,809,0.00212310445,0.00388121880494438
"4",1926,4,809,0.00639076665,0.00744084442113721
"5",1926,5,809,0.0018979512,0.0014718106499382
"6",1926,6,809,0.00330769285,0.00374977130815822
"7",1926,7,809,0.0028499029,0.000733504947713226
"8",1926,8,809,0.00327246877065,0.0004093054563
"9",1926,9,809,0.0038075391,0.0037686187684796
"10",1926,10,809,0.00572196615,0.00962336156378245
"11",1926,11,809,0.0093240924,0.0151719568264524
"12",1926,12,809,0.00524307445,0.00749559816749073
"13",1927,1,809,0.00572975805,0.007256338507911
"14",1927,2,809,0.00883567385,0.00878466436736712
"15",1927,3,809,0.01588855425,0.0241614626891224
"16",1927,4,809,0.00229719135,-0.000146708294190358
"17",1927,5,809,0.0073643452,0.0104315360777503
"18",1927,6,809,-0.00283805085,-0.00639326180840544
"19",1927,7,809,0.00566248005,0.00505521090185414
"20",1927,8,809,0.0051294697,0.00729451460494438
"21",1927,9,809,0.005332073,0.00223459222249691
"22",1927,10,809,0.0119374886,0.0101152553611867
"23",1927,11,809,0.0054647811,0.00918125235562423
"24",1927,12,809,0.00610304305,0.00702122114289246
"25",1928,1,809,0.003235597,-0.0027631442039555
"26",1928,2,809,0.0042460691,0.00588826410210136
"27",1928,3,809,0.003524228,0.00441900913671199
"28",1928,4,809,-0.0014506685,-0.000494431260815822
"29",1928,5,809,-0.006337511,-0.0075439047354759
"30",1928,6,809,-0.0029728787,0.00325606078170581
"31",1928,7,809,-0.0338191885,-0.0232343062113721
"32",1928,8,809,0.0051750052,0.00734129484252163
"33",1928,9,809,-0.0114234225,-0.00497051508899876
"34",1928,10,809,0.02576798655,0.0169983614747837
"35",1928,11,809,0.0094131265,0.00145778218442522
"36",1928,12,809,0.0015613078,0.000578038555500618
"37",1929,1,809,-0.005760324,-0.00859666579233622
"38",1929,2,809,-0.0066251181,-0.0145723910333745
"39",1929,3,809,-0.008607533,-0.0136653339245983
"40",1929,4,809,0.0151746328,0.0259844352163164
"41",1929,5,809,-0.009389805,-0.0153374578899876
"42",1929,6,809,0.0067462045,0.0104716229149567
"43",1929,7,809,-0.003937756,-0.000514323646477132
"44",1929,8,809,-0.00039850255,-0.00304036226823239
"45",1929,9,809,-0.00793136785,0.00143009563250927
"46",1929,10,809,0.02871764265,0.037023222405068
"47",1929,11,809,-0.0057988862,0.0200062912810878
"48",1929,12,809,0.0054739754,-0.00714539413226205
"49",1930,1,809,0.00684115445,-0.00414389300370828
"50",1930,2,809,0.0104082859,0.0125826741804697
"51",1930,3,809,0.013564208,0.00897603000828183
"52",1930,4,809,0.0031508899,-0.00101149389122373
"53",1930,5,809,0.01874712785,0.0145432960852905
"54",1930,6,809,-0.0064021309,0.00366361580444994
"55",1930,7,809,0.0188886354,0.0053521171394314
"56",1930,8,809,0.00696339255,0.00200787118541409
"57",1930,9,809,0.00910192155,0.00757548315500618
"58",1930,10,809,0.0039980872,0.00360212060321384
"59",1930,11,809,0.00331003685,0.00411613711681088
"60",1930,12,809,-0.0021786881,-0.00641806543510507
"61",1931,1,809,-0.0022727324,-0.0109271523807169
"62",1931,2,809,0.00480363435,0.0080688730723115
"63",1931,3,809,0.00585272595,0.009867978876267
"64",1931,4,809,0.0073814208,0.00842032218084054
"65",1931,5,809,0.01277850825,0.0142966064737948
"66",1931,6,809,0.0039300712,0.000819269986402967
"67",1931,7,809,0.00158230295,-0.0035151344487021
"68",1931,8,809,0.001853528,0.00131694120024722
"69",1931,9,809,-0.0128362086,-0.0261940493955501
"70",1931,10,1564,-0.0372481943333333,-0.0397227615019182
"71",1931,11,1564,0.00207100093333333,-0.000396372746355499
"72",1931,12,1564,-0.0353747866666667,-0.041142612084399
"73",1932,1,1564,-0.0110223746333333,-0.00550032150735294
"74",1932,2,1564,0.0230051202,0.0345995545037084
"75",1932,3,1564,0.0101184426666667,0.00149434297276215
"76",1932,4,1564,0.0421960504666667,0.0459957314482097
"77",1932,5,1564,-0.0192700196666667,-0.0223235116393862
"78",1932,6,1564,0.0118110664333333,0.013743174923977
"79",1932,7,1564,0.0277720672,0.0345665844429028
"80",1932,8,1564,0.00856579146666667,0.00558521188836317
"81",1932,9,1564,0.00989982916666667,0.00880020985038363
"82",1932,10,1564,-0.00264823773333333,-0.00499239918734015
"83",1932,11,1564,0.00482011493333333,0.00702154203925831
"84",1932,12,1564,0.0135792980666667,0.0163578996572251
"85",1933,1,1564,0.0129619266,0.0143406849866368
"86",1933,2,1564,-0.0227991867,-0.034156210923913
"87",1933,3,1564,0.0105803685,0.0153662420159847
"88",1933,4,1564,-0.000317563033333333,-0.00150231692519182
"89",1933,5,1564,0.0198979450333333,0.0260789149940537
"90",1933,6,1564,0.00815699606666667,0.00749056077097187
"91",1933,7,1564,-0.00819956033333333,-0.00180296507736573
"92",1933,8,1564,0.0166338228,0.00933329024744245
"93",1933,9,1564,0.00170401013333333,-0.000227472957480818
"94",1933,10,1564,-0.0019326048,-0.00390149070242967
"95",1933,11,1564,-0.020420873,-0.02313711557289
"96",1933,12,1564,-0.0027251867,-0.00067317556387468
"97",1934,1,1564,0.0123460294666667,0.0156008440330563
"98",1934,2,1564,0.0119303714333333,0.0129785147549872
"99",1934,3,1564,0.018111049,0.0175012968264706
"100",1934,4,1564,0.0069251727,0.0111609073056905
"101",1934,5,1564,0.0137859241,0.014576120065665
"102",1934,6,1564,0.0117488932666667,0.00957320073599744
"103",1934,7,1564,0.00788349003333333,0.00398813400850384
"104",1934,8,1564,-0.00444029893333333,-0.00854461993094629
"105",1934,9,1564,-0.0107411073,-0.0165988007282609
"106",1934,10,1564,0.0157153164666667,0.0196267007659207
"107",1934,11,1564,0.00548682633333333,0.0059057437266624
"108",1934,12,1564,0.00979908863333333,0.0116097821150895
"109",1935,1,2055,0.015764819675,0.0167376399379075
"110",1935,2,2055,0.0113685597,0.0125691408228224
"111",1935,3,2055,0.010213377775,0.0031465639107056
"112",1935,4,4666,0.007760116,0.00793728774892842
"113",1935,5,4666,-0.0006753,-0.00246243541748821
"114",1935,6,4666,0.0070060267,0.0073724240781183
"115",1935,7,4666,0.00422105016,0.0033147916932276
"116",1935,8,4666,-0.0129260398,-0.0141609966603086
"117",1935,9,4666,-0.00112469084,-0.00112793939867124
"118",1935,10,4666,0.011746772,0.00769234084303472
"119",1935,11,4666,0.00382268344,0.00037027915747964
"120",1935,12,4666,0.00424305024,0.00595214679657094
"121",1936,1,4666,0.00392974214,0.0042670531537934
"122",1936,2,4666,0.00909181082,0.00969993118729104
"123",1936,3,4666,0.00917755568,0.00964103516234462
"124",1936,4,5889,0.0036334996,0.00397367046748175
"125",1936,5,5889,0.0038841279,0.0039555621979623
"126",1936,6,5889,0.000542215166666667,0.0012464405510613
"127",1936,7,7515,0.00499789984285714,0.00550071282444444
"128",1936,8,7515,0.00883158395714286,0.00988976139745842
"129",1936,9,7515,5.16075e-05,-0.000993373493932136
"130",1936,10,8496,0.001894394925,0.00135579805294256
"131",1936,11,8496,0.0182329441625,0.0191307607868997
"132",1936,12,8496,0.0039777224625,0.00415546635244821
"133",1937,1,10282,0.000134831366666667,-0.000865104580519354
"134",1937,2,10282,0.00382712801111111,0.00501327613923361
"135",1937,3,10282,-0.0350295691111111,-0.0373107111795371
"136",1937,4,10282,-0.0006909246,0.00184250342106594
"137",1937,5,10282,0.0081590094,0.00769504831407314
"138",1937,6,10282,-0.00123555848888889,-0.000676280224606108
"139",1937,7,10282,0.0123442603777778,0.0134216657334079
"140",1937,8,10282,-0.00980964977777778,-0.0103786214543863
"141",1937,9,10282,0.00442847554444444,0.00463207049089671
"142",1937,10,10282,0.0056678533,0.00431535079879401
"143",1937,11,10282,0.00862910421111111,0.00929290118624781
"144",1937,12,10282,0.00718129563333333,0.00823119837077417
"145",1938,1,10282,0.00606720105555556,0.00603914989046878
"146",1938,2,10282,0.00450595641111111,0.00488135581321727
"147",1938,3,10282,-0.0042130672,-0.00477262588825131
"148",1938,4,10732,0.02126137451,0.0213573064996366
"149",1938,5,10732,0.0052966174,0.00443573371246739
"150",1938,6,10732,0.00381024117,0.00322675897834514
"151",1938,7,11650,0.00548385093636364,0.00436889636571674
"152",1938,8,11650,0.000869708518181818,0.000453950303733906
"153",1938,9,11650,-1.03078e-05,0.000769394962008584
"154",1938,10,12835,0.009611954075,0.0101997070949981
"155",1938,11,12835,-0.00201451361666667,-0.00252054699696143
"156",1938,12,12835,0.00902084028333333,0.00870783853661083
"157",1939,1,15021,0.00594209904285714,0.00542643507265828
"158",1939,2,15021,0.00766052532142857,0.00833121149830903
"159",1939,3,15021,0.0114229633785714,0.0120019365700885
"160",1939,4,15021,0.00730998081428571,0.00823467626729911
"161",1939,5,15021,0.0161452360785714,0.0172347102852473
"162",1939,6,15021,-0.00337578002142857,-0.00397378422215565
"163",1939,7,15021,0.00983671375,0.0109094643841489
"164",1939,8,15021,-0.0179931645142857,-0.0198358726114773
"165",1939,9,15021,-0.0448756013571429,-0.0456779338097996
"166",1939,10,15021,0.0342980258714286,0.0362747239409094
"167",1939,11,15021,0.0160531982214286,0.0159982391294654
"168",1939,12,15021,0.00979198958571429,0.0109611917955862
"169",1940,1,16710,-0.0002841834,-0.000895290406487133
"170",1940,2,16710,0.00236988985,0.00238618541534411
"171",1940,3,16710,0.01573737686875,0.0165617027941113
"172",1940,4,16710,-0.00019833839375,-0.00114410879899461
"173",1940,5,16710,-0.027567429,-0.0284719085168163
"174",1940,6,16710,0.02360765370625,0.0250064324913285
"175",1940,7,16710,0.0023428268125,0.00240375065205266
"176",1940,8,17390,0.00350306438823529,0.00354097272357102
"177",1940,9,17390,0.00944640406470588,0.00981134720314549
"178",1940,10,17390,0.00694184966470588,0.00498002848857389
"179",1940,11,18114,0.0157993184777778,0.0174956022451805
"180",1940,12,18114,0.00509739943888889,0.0052215187702937
"181",1941,1,18114,-0.0160341125555556,-0.0175173207800044
"182",1941,2,18114,-0.00208689035,-0.00106682730851275
"183",1941,3,18114,0.00675780448333333,0.00779973059507011
"184",1941,4,19229,0.0134022059736842,0.0126872330294919
"185",1941,5,20252,0.00155342773,0.00202522993743828
"186",1941,6,20252,0.006622281725,0.00687560515026664
"187",1941,7,21700,0.00386810067142857,0.00414954648942857
"188",1941,8,21700,-0.00126221237142857,-0.00109994089056682
"189",1941,9,21700,-0.00104901652857143,-0.0010057576633871
"190",1941,10,21700,0.00851141408095238,0.00941300790202304
"191",1941,11,24416,-0.00134438994090909,-0.00179993700315367
"192",1941,12,24416,-0.0157846707727273,-0.0166251565725754
"193",1942,1,24926,0.000367473317391304,-8.07687557971596e-05
"194",1942,2,25940,-0.0020255024625,-0.00255264437287972
"195",1942,3,27440,0.012451078012,0.0131643957821939
"196",1942,4,27440,-0.001517642512,-0.0018143179064395
"197",1942,5,27440,0.005444627756,0.00617817963963921
"198",1942,6,28732,0.000257533342307692,0.000220379280161492
"199",1942,7,28732,0.000844842388461538,0.000918895595771266
"200",1942,8,32947,0.00146003691071429,0.00153410484445018
"201",1942,9,32947,0.000204907392857143,6.49139665675175e-05
"202",1942,10,32947,0.002680240075,0.0026794216046074
"203",1942,11,34909,-0.000487020744827586,-0.000617328848660804
"204",1942,12,34909,0.00255027910689655,0.00287103608727835
"205",1943,1,40800,0.00451810723548387,0.00425767646832353
"206",1943,2,40800,0.00168707396451613,0.00151441216470098
"207",1943,3,40800,0.00107268617741935,0.00110405911690931
"208",1943,4,40800,0.00536125890967742,0.00543498254482108
"209",1943,5,40800,0.0072787504,0.00752450855041912
"210",1943,6,49501,0.00479555847575758,0.00414277076111594
"211",1943,7,49501,6.54128545454546e-05,-5.6518122894487e-05
"212",1943,8,52208,0.000640553652941176,0.000659038040214143
"213",1943,9,52208,0.00288770284411765,0.00248908712791526
"214",1943,10,52208,0.000985059302941176,0.00115427096432539
"215",1943,11,64032,-0.000295401852777778,-3.35716593687531e-05
"216",1943,12,64032,0.00152502296944444,0.00195141135581897
"217",1944,1,64032,0.0020749016,0.00202436115215517
"218",1944,2,64032,0.00459981729166667,0.00411482277669447
"219",1944,3,73051,0.00157938987368421,0.00140246552783398
"220",1944,4,76799,0.00160077030769231,0.00174146966820922
"221",1944,5,76799,0.00210761656410256,0.00207220326084715
"222",1944,6,76799,0.00219075061538462,0.00186530475142645
"223",1944,7,76799,0.00258576754358974,0.00270410660647925
"224",1944,8,82624,0.002119659715,0.00293467057184837
"225",1944,9,82624,2.7580375e-05,0.000456100027127711
"226",1944,10,82624,0.0012835330975,0.00123870999713885
"227",1944,11,82624,0.0020383317825,0.00201016981035534
"228",1944,12,82624,0.003821452425,0.00352054676713546
"229",1945,1,86791,0.00788313114047619,0.00902944946934705
"230",1945,2,95453,0.00507424601395349,0.00524629767119839
"231",1945,3,95453,0.00133995632325581,0.00168081972826627
"232",1945,4,95453,0.00417541055348837,0.0051743949868595
"233",1945,5,95453,0.000470373002325581,0.00123111628536033
"234",1945,6,95453,0.00483250982093023,0.0056133980957885
"235",1945,7,95453,-0.000250848437209302,-0.000526936898705122
"236",1945,8,111272,-0.000596279802173913,0.000109827100758502
"237",1945,9,111272,0.00190492568913043,0.00214220857186893
"238",1945,10,111272,0.0039037675326087,0.0042292941696141
"239",1945,11,111272,0.0038094970326087,0.00398935380496082
"240",1945,12,111272,0.00513661992391304,0.00568204635307355
"241",1946,1,126260,0.00894133904583333,0.0119895321402447
"242",1946,2,126260,0.00462395492083333,0.00719324408364407
"243",1946,3,126260,0.00029658001875,0.00171587626620228
"244",1946,4,126260,-0.00766691689583333,-0.0103907262495565
"245",1946,5,126260,0.00163139486458333,0.00301342850421274
"246",1946,6,129034,0.0031529153122449,0.00365688843285878
"247",1946,7,131951,-0.001815531348066,-0.00316946168115755
"248",1946,8,133174,-0.00124877141568627,-0.00119577170028534
"249",1946,9,135515,-0.00248980124230769,-0.00230461119584548
"250",1946,10,136954,0.00348796258301887,0.00462807604192503
"251",1946,11,138731,-0.00144835199259259,-0.00245054913275476
"252",1946,12,142004,0.00482743231090909,0.00633104282557182
"253",1947,1,145136,0.00220363037142857,0.00226784985976601
"254",1947,2,149083,0.00169081535087719,0.00216176666906287
"255",1947,3,151224,0.00212521457413793,0.00259638025014746
"256",1947,4,151224,-0.000416002064434483,-9.06602484316537e-05
"257",1947,5,150771,0.00134233840689655,0.00166390049219412
"258",1947,6,147854,-0.00021541461754386,-0.000980325906637629
"259",1947,7,143293,0.00158217991071429,0.00136801411902186
"260",1947,8,148809,0.00271906323508772,0.00343058033813345
"261",1947,9,144338,0.000197417787272727,0.00011075457931799
"262",1947,10,149452,-0.00358672624107143,-0.00478193613865254
"263",1947,11,150919,-0.00277991593684211,-0.00289154900362777
"264",1947,12,143813,-0.00527136626866111,-0.00474808369999639
"265",1948,1,149937,0.000912991591071429,0.00146716461200904
"266",1948,2,146038,0.00285633734363636,0.0022751835376943
"267",1948,3,147888,0.00293183726296296,0.00267573890647179
"268",1948,4,146980,0.00187871476296296,0.00188859470477004
"269",1948,5,145203,0.00511769880377358,0.00562841363052279
"270",1948,6,140367,-0.001995782532,-0.00229154699631395
"271",1948,7,146150,-0.000349914680392157,0.000142220546566541
"272",1948,8,146150,0.00053409147254902,0.00100476705758057
"273",1948,9,135043,0.000924539545652174,0.00119554898245522
"274",1948,10,145173,0.000504137665333333,0.00111802176539464
"275",1948,11,148977,0.0034350984,0.00290264014939622
"276",1948,12,146587,0.00300695348888889,0.00320556265167853
"277",1949,1,145223,0.00320096862777778,0.00333997157700089
"278",1949,2,147678,0.00191823160555556,0.00237773004446363
"279",1949,3,146952,0.00227243232264151,0.00241089037989752
"280",1949,4,151644,0.00158128907678571,0.00134985672617776
"281",1949,5,146639,0.0016207614537037,0.00184228048073841
"282",1949,6,140534,0.00486513874528302,0.00659108267180398
"283",1949,7,145559,0.00257950660555556,0.00355833409724236
"284",1949,8,150454,0.00337198939074074,0.00402000731667885
"285",1949,9,144016,0.000991311335849057,0.00139157362649914
"286",1949,10,151561,0.00145037132545455,0.00152942030681772
"287",1949,11,150161,0.00157919431111111,0.00192481761605477
"288",1949,12,140868,0.002575363686,0.00327852531837252
"289",1950,1,148081,-0.00124946145684,-0.00196956530458404
"290",1950,2,145730,0.000460710942,0.000141146740349962
"291",1950,3,141475,0.000161320816666667,-0.000371106508494787
"292",1950,4,146167,-6.8217964e-05,-0.00033151634715223
"293",1950,5,144434,0.00142895191020408,0.00131562541060069
"294",1950,6,140642,-0.000231131269387755,-0.000612183870062997
"295",1950,7,151015,0.00254214567058824,0.0020200681239996
"296",1950,8,149516,0.00078278278056,0.00105102038813574
"297",1950,9,137347,-0.000930214808510638,-0.00117987136874486
"298",1950,10,147532,-0.000337273147916667,-0.000127299372163327
"299",1950,11,148231,0.00123546568367347,0.00131512219575662
"300",1950,12,140525,0.00125354520851064,0.00123993209137235
"301",1951,1,146377,0.0025402402,0.00235747107097017
"302",1951,2,147077,3.29222458333334e-05,0.000273243049407453
"303",1951,3,147386,-0.0064977916,-0.00776077749150123
"304",1951,4,149480,-0.0011552455875,-0.00349627024369414
"305",1951,5,134396,-0.000526615274468085,-0.000361402376937558
"306",1951,6,123725,0.00159070083181818,0.00165937621440695
"307",1951,7,126881,0.00451035315348837,0.00470065291793649
"308",1951,8,133810,0.00602533072222222,0.00648304541185337
"309",1951,9,132840,-0.00253792501363636,-0.00311926402587097
"310",1951,10,120834,0.0014071213547619,0.00137798363520284
"311",1951,11,136583,-0.000502628342553191,-0.00055707418569002
"312",1951,12,135609,-0.00106555769130435,-0.0014294934975186
"313",1952,1,137678,0.00358086272291667,0.00417607718080231
"314",1952,2,136755,0.00103881890212766,0.000849006371476728
"315",1952,3,135888,0.00457796493829787,0.00491785739930384
"316",1952,4,134487,0.00605561905869565,0.00656379327848417
"317",1952,5,137112,0.0007830739,0.0009957938298165
"318",1952,6,131342,-0.000336220478130435,-0.000237704803328867
"319",1952,7,138548,-0.000577460725531915,-0.000518562536767041
"320",1952,8,136458,-0.00125131278695652,-0.0013891977784703
"321",1952,9,126859,-0.00207845254,-0.00236577572912683
"322",1952,10,137770,0.00487256976595745,0.00581344092966974
"323",1952,11,140227,0.0009386911125,0.000704994430564014
"324",1952,12,142382,-9.69036541666667e-05,-4.34707376711944e-05
"325",1953,1,142773,0.00116363415714286,0.00138535516715906
"326",1953,2,134205,-0.00117188887708333,-0.00171710853826385
"327",1953,3,139743,-0.000911063435416667,-0.000500521053043802
"328",1953,4,140149,-0.00366972662040816,-0.00409758533080864
"329",1953,5,135658,-0.00620340046938775,-0.00599908012768064
"330",1953,6,139243,0.009912648325,0.0102685852135037
"331",1953,7,141722,0.004091672738,0.00406446155733902
"332",1953,8,144770,0.001590108588,0.00186848355888167
"333",1953,9,137408,0.01254968583125,0.0126428971832666
"334",1953,10,146658,0.0053556726745098,0.00479411902051439
"335",1953,11,136225,5.57490333333334e-05,-0.000171351414698477
"336",1953,12,147014,0.00826157327884615,0.00840625496033711
"337",1954,1,148527,0.00686930417169811,0.00672709353344375
"338",1954,2,140437,0.00595778752115385,0.00584309814923489
"339",1954,3,140786,0.0032837204254902,0.00364515705920404
"340",1954,4,144176,0.00466057407924528,0.0056927891470758
"341",1954,5,140160,-0.00443221625,-0.0057033196423359
"342",1954,6,142737,0.006210050782,0.0068103562848953
"343",1954,7,144281,0.00232243383137255,0.00217669064922755
"344",1954,8,143724,-0.000874811098,-0.00117008287573613
"345",1954,9,147873,-0.000192758455769231,0.000123199991984338
"346",1954,10,147909,-0.000188343176923077,-0.000248924245828854
"347",1954,11,150597,-0.00037785492290566,-0.00083801120767933
"348",1954,12,134747,0.000106549880392157,0.000246142619153673
"349",1955,1,151767,-0.00363556261698113,-0.00398428320060092
"350",1955,2,144788,-0.00338816626346154,-0.00352764044325013
"351",1955,3,145720,0.00241189954901961,0.00263506779798518
"352",1955,4,147281,-0.00054616975,-0.000675115820600756
"353",1955,5,145129,0.00314840458846154,0.00351440394661921
"354",1955,6,149157,-0.00232649060377359,-0.00272809339605852
"355",1955,7,149169,-0.00420900409245283,-0.00527278181504468
"356",1955,8,142577,0.00114497127307692,0.00208227018935312
"357",1955,9,152938,0.00561403913703704,0.00609073224187187
"358",1955,10,153056,0.0047919958462963,0.00504062840742212
"359",1955,11,154525,-0.00244633872181818,-0.00282364460275036
"360",1955,12,143926,0.0004673835,0.000515647083118408
"361",1956,1,155227,0.00668346375892857,0.00761564356256772
"362",1956,2,156918,0.000884821010526316,0.000807478415777667
"363",1956,3,143747,-0.00540476122264151,-0.0070016580348042
"364",1956,4,153085,-0.00205722608816667,-0.00115344579346093
"365",1956,5,151592,0.00921716055555555,0.00982722563673017
"366",1956,6,148731,0.00216870573584906,0.0017384080312255
"367",1956,7,147131,-0.00562188376730769,-0.0065081638690378
"368",1956,8,147705,-0.00585435197358491,-0.00603988627743001
"369",1956,9,149913,0.00339795346923077,0.0039928617060295
"370",1956,10,148310,0.00101062758823529,0.000181513264733329
"371",1956,11,142472,-0.0022445074754717,-0.00190320101403434
"372",1956,12,151274,-0.00176262365636364,-0.0025616657319698
"373",1957,1,152341,0.0148804552482143,0.0165885607370839
"374",1957,2,145137,-0.000987551949090909,-0.00142333839234172
"375",1957,3,149639,0.00366385235471698,0.00343653590894954
"376",1957,4,151805,-0.00294797631730769,-0.00334418604539771
"377",1957,5,148793,-0.00155107383207547,-0.0018452809028543
"378",1957,6,148828,-0.00465920614444444,-0.00546359467968595
"379",1957,7,138475,0.00292872830188679,0.00311957886858133
"380",1957,8,135826,0.00400648113396226,0.00491593818823642
"381",1957,9,151249,0.000691761562962963,0.000149645741950691
"382",1957,10,153849,0.00369019867321429,0.00350333630851874
"383",1957,11,145142,0.0250123375071429,0.0272292092507365
"384",1957,12,155466,0.0144545507586207,0.0134441089424961
"385",1958,1,154311,0.00439080196491228,0.00459725876432788
"386",1958,2,146726,0.00812143497003965,0.00877362443992058
"387",1958,3,154103,0.00492919327068965,0.00525998725326438
"388",1958,4,153156,0.00585577039642857,0.00475526759466949
"389",1958,5,158856,0.00377899743050847,0.00406498679815053
"390",1958,6,149494,-0.00656961907321429,-0.00642052956651906
"391",1958,7,146606,-0.00683849905263158,-0.00662563416949306
"392",1958,8,147777,-0.02440133378,-0.0252748147335918
"393",1958,9,158464,-0.000501743271428571,-0.000671644410488187
"394",1958,10,160821,0.0031210839245614,0.00277315644602508
"395",1958,11,155215,0.00754665599830508,0.00721580200444673
"396",1958,12,165818,-0.00547635659166667,-0.00536455381288943
"397",1959,1,168453,-0.000966359924615385,-0.000775448226821725
"398",1959,2,157817,0.00614037960434783,0.00724973456847805
"399",1959,3,167464,-0.00146563030273973,-0.00198454803234845
"400",1959,4,172187,-0.00271296213684211,-0.00398581806895468
"401",1959,5,168042,0.00108527800933333,0.000929640065408648
"402",1959,6,169782,0.000133921396153846,-0.000347131636062127
"403",1959,7,158042,0.0037690349987013,0.00362188035173878
"404",1959,8,177179,-0.00391176279135802,-0.00490453646425141
"405",1959,9,175020,0.00183770811666667,0.00256875036375271
"406",1959,10,176937,0.0100411145544304,0.0100000298626692
"407",1959,11,172720,-0.0016402373275,-0.0018313701326899
"408",1959,12,179359,-0.00297675981829268,-0.00337288639719167
"409",1960,1,179992,0.00932438942439024,0.0104850952874322
"410",1960,2,172252,0.00612645182962963,0.0063814999417522
"411",1960,3,176289,0.01832322810125,0.0205577288621485
"412",1960,4,177364,-0.003342639235,-0.00412332529150786
"413",1960,5,173066,0.00623908073875,0.00618554674327771
"414",1960,6,177090,0.0134797943841463,0.0140312429996951
"415",1960,7,176022,0.0146816425361446,0.0165256420462993
"416",1960,8,169627,0.000294192294939759,-1.3354302909914e-05
"417",1960,9,178141,0.00283701916097561,0.00267234583180009
"418",1960,10,180285,0.00102635350119048,0.000992061779916798
"419",1960,11,172001,-0.00350980196941176,-0.00405640574117011
"420",1960,12,182637,0.0137576054126437,0.0144145021968353
"421",1961,1,180297,-0.00324927172,-0.00304344540816375
"422",1961,2,176063,0.00599958145348837,0.00600442305785656
"423",1961,3,179668,0.00181802984941176,0.00201403491351827
"424",1961,4,184971,0.00509085553678161,0.00514169653756102
"425",1961,5,172701,0.000407448998837209,0.000457152228175286
"426",1961,6,179017,-0.00212895501931818,-0.00212911952640978
"427",1961,7,168867,0.00229262060941176,0.00223224175810075
"428",1961,8,184197,-0.000350462377272727,4.04632303213408e-05
"429",1961,9,181313,0.00555311068604651,0.00568360973009657
"430",1961,10,182092,0.00363786538235294,0.00348284164863036
"431",1961,11,181501,0.000228377724137931,0.000343292139011906
"432",1961,12,187702,-4.79019318181833e-07,0.000250120208980725
"433",1962,1,182514,0.00177707365443038,0.00189024437200982
"434",1962,2,175610,0.00629089952857143,0.00683051466406754
"435",1962,3,184437,0.00796846310769231,0.00809787559819396
"436",1962,4,184391,0.00524199127974684,0.00512469698079407
"437",1962,5,178216,0.00167631698734177,0.0017538542828792
"438",1962,6,184656,-0.00207111676440741,-0.00217598276836195
"439",1962,7,182533,0.00121288584567901,0.00113957767584218
"440",1962,8,178546,0.0076041161691358,0.00833204586876603
"441",1962,9,186970,0.00394962091097561,0.00413620624817136
"442",1962,10,186328,0.00517083822926829,0.00513333929916169
"443",1962,11,180221,0.002493038875,0.00256320540036788
"444",1962,12,189305,0.00310830101585366,0.00290557591602335
"445",1963,1,189467,0.00238720753292683,0.00241144352178902
"446",1963,2,183159,0.00166904395679012,0.00191104048294105
"447",1963,3,190227,0.00207262173209877,0.00209651431864299
"448",1963,4,188093,0.00185805450625,0.00180716749475685
"449",1963,5,182547,0.00187284262439024,0.00190666787842364
"450",1963,6,191123,0.00180877779638554,0.00189592496804309
"451",1963,7,188927,0.00183293605121951,0.00166110812197992
"452",1963,8,185071,0.0019139278195122,0.00189929776647449
"453",1963,9,193251,0.00241831422168675,0.00256112872505032
"454",1963,10,189566,0.000814254478313253,0.000713696483501788
"455",1963,11,186405,0.00282876058823529,0.00280679756561466
"456",1963,12,193079,0.0014064494755814,0.00126373505757125
"457",1964,1,192097,0.00369344987386364,0.00382266228370407
"458",1964,2,190034,0.00142537997840909,0.00122345230531957
"459",1964,3,194670,0.00142964073678161,0.00140681714470951
"460",1964,4,193411,0.00467882387674419,0.00490220448101246
"461",1964,5,187121,0.00464516782325581,0.00498948998492312
"462",1964,6,194576,0.00515834800795455,0.00543731680682972
"463",1964,7,192872,0.00331741147931035,0.00333921817504044
"464",1964,8,191846,0.00203222361149425,0.00195271646765218
"465",1964,9,194282,0.00307410065747126,0.00341543887279007
"466",1964,10,195427,0.00337927556091954,0.00323472190675905
"467",1964,11,190190,0.00120598301609195,0.00107710758211788
"468",1964,12,198723,0.00458446059662921,0.00465374922059752
"469",1965,1,201557,0.00359321902888889,0.00370720856077189
"470",1965,2,201716,0.00174260705604396,0.0015936227489044
"471",1965,3,198962,0.00432417526022727,0.00441379302335672
"472",1965,4,199456,0.00341428049213483,0.00333709170417987
"473",1965,5,193203,0.00277045970681818,0.00278573649175996
"474",1965,6,194672,0.00454746387325581,0.00467603050208967
"475",1965,7,196876,0.00238624448390805,0.00230299482844887
"476",1965,8,188380,0.000802029642352941,0.00058127369467247
"477",1965,9,195069,9.12831697674419e-05,-0.000389816537157621
"478",1965,10,197206,0.00246378198941176,0.00224476142259363
"479",1965,11,189732,0.0020832371755814,0.00174234102278213
"480",1965,12,201969,-0.00392109321954023,-0.0050473099617679
"481",1966,1,204163,0.00213304977931034,0.00202085669012015
"482",1966,2,202422,-0.00364554928023256,-0.00427515329254775
"483",1966,3,201875,0.0121049862895349,0.0132978497988646
"484",1966,4,204086,0.00166825150348837,0.00129188253698686
"485",1966,5,192626,0.00172412901411765,0.00125924862817584
"486",1966,6,197205,0.00103138404252874,0.000473322031315636
"487",1966,7,198394,0.000887213935632184,0.00074350444149319
"488",1966,8,186933,-0.00338969288809524,-0.00550882769945221
"489",1966,9,199009,0.0108296123954545,0.0131563673543543
"490",1966,10,200647,0.00829715884137931,0.00853704308463919
"491",1966,11,198286,0.00149194008352941,0.000779622818639743
"492",1966,12,202326,0.0157634609126437,0.0178576709395204
"493",1967,1,205552,0.00953508706477273,0.00994762783873716
"494",1967,2,198919,-0.00194323553837209,-0.00266834124434519
"495",1967,3,204590,0.0115920461546512,0.0126859507014492
"496",1967,4,208842,-0.00331723217738095,-0.00390009433744266
"497",1967,5,196699,0.00252553989047619,0.00302656563803324
"498",1967,6,197302,-0.00887352475595238,-0.0105354543047997
"499",1967,7,199502,0.00669476220238095,0.00757930300498491
"500",1967,8,191882,0.000268371046987952,-0.000678918026480337
"501",1967,9,206730,0.00237965360952381,0.00237755234496686
"502",1967,10,203969,-0.00457467315,-0.00513163651221509
"503",1967,11,200366,0.00116297272705882,0.00164538895229929
"504",1967,12,214735,0.00507622969186047,0.0048687371409556
"505",1968,1,211923,0.0125001897635294,0.0127078239653086
"506",1968,2,213397,0.00283736560581395,0.00260702468208082
"507",1968,3,219305,-0.00148712837790698,-0.00145488750017555
"508",1968,4,213245,0.00438642803136145,0.00392906293037755
"509",1968,5,206375,0.0037326431797619,0.00421114926629049
"510",1968,6,214021,0.0105949676447059,0.0103075644841081
"511",1968,7,211291,0.0123942571345238,0.0128618792113535
"512",1968,8,208708,0.00364009950235294,0.00373931488155222
"513",1968,9,220359,0.00227471772235294,0.00244887928482839
"514",1968,10,218316,0.000798770636904762,0.00073763034740468
"515",1968,11,213993,-0.000161352186046512,-0.000441849384332198
"516",1968,12,219606,-0.00738899322588235,-0.00866365114061592
"517",1969,1,222694,0.00407942424651163,0.00435691282937573
"518",1969,2,211131,0.000732563934177215,0.000498174130438922
"519",1969,3,210113,0.00428158115641026,0.00474217763909849
"520",1969,4,216790,0.0115684826506494,0.0106095288788685
"521",1969,5,213579,-0.00619464145,-0.0063672941241372
"522",1969,6,211547,0.0014226456169,8.86675358588257e-05
"523",1969,7,210090,0.0051793711974359,0.00582953357205864
"524",1969,8,212697,0.002661357045,0.001963108251075
"525",1969,9,206556,-0.00981981866835443,-0.0124668599929888
"526",1969,10,207825,0.017682653075641,0.0202955141625589
"527",1969,11,221463,-0.00249525564047619,-0.00261988813063446
"528",1969,12,218488,-0.0036403317691358,-0.0048938868736402
"529",1970,1,220570,0.00714952487804878,0.00706205434497982
"530",1970,2,217447,0.0254399503,0.0268257945019996
"531",1970,3,215402,0.00551950867468354,0.00596177524045877
"532",1970,4,217710,-0.00929069589268293,-0.00975735778531625
"533",1970,5,203481,0.00172434346875,0.00244751805220094
"534",1970,6,214605,0.0142543806544304,0.0134402429316162
"535",1970,7,215441,0.0124587316822785,0.0126144364488421
"536",1970,8,217136,0.00432909476455696,0.00558454011453651
"537",1970,9,221298,0.01215494366,0.0128861102950967
"538",1970,10,221873,0.00619544415375,0.00677033196266423
"539",1970,11,219965,0.025945203645679,0.0276645407581356
"540",1970,12,227085,0.00339951534698795,0.0033033565542123
"541",1971,1,231648,0.0150813466809524,0.015085340919992
"542",1971,2,225359,0.00662666007439024,0.00873153182933586
"543",1971,3,226455,0.0132504558308642,0.0138140832398415
"544",1971,4,223014,-0.01057807933875,-0.0144595559476073
"545",1971,5,218492,-0.000504611865384615,0.000188012647504714
"546",1971,6,218273,-0.00552974875324675,-0.00880804305109381
"547",1971,7,221724,0.00379796713205128,0.00344955716700177
"548",1971,8,221040,0.0212019652012987,0.0248105747680972
"549",1971,9,227212,0.00719576565375,0.00680264765381626
"550",1971,10,232683,0.0103782099792683,0.0114978375279582
"551",1971,11,223379,0.00264881667468354,0.00258334775146948
"552",1971,12,236078,0.00730766682048193,0.00872877133903329
"553",1972,1,244464,0.00106369524470588,0.000579188893645281
"554",1972,2,235965,0.00590775838395062,0.0060450278075757
"555",1972,3,239715,-0.00271249453975904,-0.00418294148613186
"556",1972,4,239697,0.00744326695925926,0.00861021260182981
"557",1972,5,232428,0.00769147530886076,0.00757419460949498
"558",1972,6,234588,-0.000976854481012658,-0.00160779806165064
"559",1972,7,239433,0.0076170726835443,0.00739003652495688
"560",1972,8,231632,0.000368008285714286,-0.000242496062725789
"561",1972,9,239275,0.0018398519075,0.00272102741723373
"562",1972,10,233561,0.00680765608589744,0.00628183568536913
"563",1972,11,237106,0.007682126635,0.00748938079074591
"564",1972,12,243807,-0.000470769141772152,5.49545661404313e-06
"565",1973,1,245305,-0.00298619369625,-0.00181471195759768
"566",1973,2,241389,0.00069521354375,3.03607649888769e-05
"567",1973,3,246898,0.00177652221463415,0.00193623788714408
"568",1973,4,247300,0.00797282762222222,0.0079835121692689
"569",1973,5,232368,0.00224962508625,0.00294053993101417
"570",1973,6,241852,0.00149211418170732,0.00127813553596869
"571",1973,7,237794,-0.01200434135125,-0.0119647089155181
"572",1973,8,231594,0.0173397716974359,0.0172279993342535
"573",1973,9,243609,0.0209286472530864,0.019872364914951
"574",1973,10,238777,0.0064094501345679,0.00648496902361325
"575",1973,11,238950,0.0051167720962963,0.00501194248235363
"576",1973,12,246698,0.00199865074117647,0.00314006785574062
"577",1974,1,249111,0.00456620058941176,0.00525578231452967
"578",1974,2,243614,0.0032223156952381,0.0034641537919237
"579",1974,3,250413,-0.00909337226976744,-0.00855639120080387
"580",1974,4,245548,-0.00140160303571429,-0.00123717624647849
"581",1974,5,237994,0.0123549347182927,0.0116660018271511
"582",1974,6,244060,0.00437213734117647,0.0036621486538003
"583",1974,7,240479,0.00307167107142857,0.00380336147465683
"584",1974,8,235572,-0.000722847357142857,0.000837082007250437
"585",1974,9,247039,0.017933282655814,0.0186336745211517
"586",1974,10,246588,0.0114705908448276,0.0100814317768456
"587",1974,11,244695,0.0134583670313953,0.0129501300201655
"588",1974,12,249593,0.0117615924397727,0.011185721657012
"589",1975,1,256488,0.0122707867258427,0.0118437773296314
"590",1975,2,258357,0.00922151960337079,0.00941709652197657
"591",1975,3,268175,-0.000763729429347826,-0.000231026921056772
"592",1975,4,272703,-0.00355168740531915,-0.00343252958473687
"593",1975,5,271133,0.0162412940936842,0.0153813264234379
"594",1975,6,287894,0.00492526166734694,0.00345855833778022
"595",1975,7,289560,0.001582052077,0.00141978337406962
"596",1975,8,292943,0.00370493808235294,0.00413963072078903
"597",1975,9,301804,-0.00371423767596154,-0.000839575451293555
"598",1975,10,309210,0.0219082584481132,0.0203922486638116
"599",1975,11,322285,0.00135937706880734,0.00193920486357199
"600",1975,12,325016,0.0140381537694444,0.012812049244571
"601",1976,1,330101,0.0104473357314815,0.0090598360431165
"602",1976,2,333101,0.00309426878715596,0.00283716248305289
"603",1976,3,344638,0.00968198698090909,0.0084623427704371
"604",1976,4,347871,0.00472983893035714,0.00532186596180279
"605",1976,5,349131,-0.00445388025,-0.0032941040770811
"606",1976,6,350958,0.0115848991845455,0.0106028738160378
"607",1976,7,360016,0.00900367250701754,0.00836895584461385
"608",1976,8,353761,0.0108610134654867,0.0098876193419888
"609",1976,9,371451,0.0090226569112069,0.00833256361955601
"610",1976,10,379238,0.00756326335254237,0.00798384834426481
"611",1976,11,368645,0.0157767845896552,0.0151124251928259
"612",1976,12,381888,0.00713001541428571,0.00644988408230293
"613",1977,1,394224,-0.0155656508590164,-0.0107821326545479
"614",1977,2,389172,0.00427240114545455,0.00432840231702306
"615",1977,3,397925,0.00619514548870968,0.00624788296378991
"616",1977,4,401450,0.0046686223304,0.00447946226054079
"617",1977,5,386774,0.00600061884344262,0.00548932247547586
"618",1977,6,398664,0.0104949426008065,0.00909566051039321
"619",1977,7,402884,-0.00146275379365079,-0.00110778676202505
"620",1977,8,391371,0.00816301062016129,0.00738249276862057
"621",1977,9,405214,0.0017126939457874,0.00198685564571302
"622",1977,10,414279,-0.000774292469767442,0.000196833028746087
"623",1977,11,409901,0.0074753037125,0.00722190366335091
"624",1977,12,421508,3.24603129770992e-05,0.0010633805458964
"625",1978,1,425566,0.00130570976412214,0.00226552988538934
"626",1978,2,424497,0.00379049763560606,0.00399756285719028
"627",1978,3,433191,0.00402628062481203,0.00430320083099256
"628",1978,4,440465,0.0030951505358209,0.00365724198964276
"629",1978,5,426919,0.00149740611908397,0.00199698286774939
"630",1978,6,439655,0.000507639329104478,0.00112036546867567
"631",1978,7,448843,0.00862569964926471,0.0084994566598559
"632",1978,8,438695,0.0102293058365672,0.00869714471570658
"633",1978,9,456671,0.00242754072318841,0.00266917815942856
"634",1978,10,450419,-0.00616984135182482,-0.004724827824227
"635",1978,11,448255,0.00795719657826087,0.00828130714078705
"636",1978,12,460937,-0.00191538691914894,-0.000936396035599876
"637",1979,1,452728,0.0156418619194245,0.0149005998974448
"638",1979,2,455972,0.00202576253546099,0.0023966252146509
"639",1979,3,456922,0.0100411892475177,0.00981095943651608
"640",1979,4,463188,0.00544340821760563,0.00490091499805392
"641",1979,5,464128,0.016364562564539,0.0146617076508056
"642",1979,6,473481,0.01598080396875,0.0152116762982103
"643",1979,7,462961,0.000340722231690141,0.00164493171446558
"644",1979,8,462799,-0.000182263025125175,0.000575086479446322
"645",1979,9,476298,-0.000840031614583333,0.000853697965530823
"646",1979,10,468925,-0.0271458090769231,-0.0231929857670802
"647",1979,11,469079,0.0265814771979021,0.0242055509819743
"648",1979,12,479971,0.00680689209103448,0.00764462779196431
"649",1980,1,492985,-0.00995431834081633,-0.00703021575571468
"650",1980,2,493342,-0.0360098484821918,-0.0294801461111969
"651",1980,3,502678,0.0106214304449664,0.0103620883532184
"652",1980,4,500362,0.0763691715313333,0.0694725609570215
"653",1980,5,510429,0.0327740488940397,0.0291540116807374
"654",1980,6,515016,0.0143441206490066,0.0126230454521607
"655",1980,7,525178,-0.00873443999342105,-0.00678321458376741
"656",1980,8,533420,-0.01938128767,-0.0167147400637132
"657",1980,9,535718,-0.00483612508851351,-0.00158712485937527
"658",1980,10,549559,-0.00678663159775867,-0.0049123895156814
"659",1980,11,555927,0.00194311102266667,0.00232922256148469
"660",1980,12,549524,0.023457549674,0.0231116216349748
"661",1981,1,572112,0.0037812009525817,0.00463633124848632
"662",1981,2,583509,-0.00663281609285714,-0.00301253465035689
"663",1981,3,592513,0.0228513016895425,0.0222201124617406
"664",1981,4,603233,-0.0168626686487179,-0.01330689354379
"665",1981,5,612017,0.0224470881719745,0.0200175136982827
"666",1981,6,600001,0.0070547308388535,0.00923408052259646
"667",1981,7,611256,-0.009972175738125,-0.00634099102730885
"668",1981,8,617401,-0.0122528567679245,-0.0046278228609748
"669",1981,9,621116,0.00529947536918239,0.00868018770084718
"670",1981,10,632452,0.0442128934155279,0.0388682974488276
"671",1981,11,639650,0.0650416462080745,0.0533721284062592
"672",1981,12,645197,-0.0205166203564417,-0.014953072727738
"673",1982,1,673294,0.00364514014850299,0.0048333814694652
"674",1982,2,674648,0.0141540178036145,0.0129562248400023
"675",1982,3,679356,0.0110760029662651,0.0108317592814767
"676",1982,4,694106,0.0215451338005917,0.0199136317252487
"677",1982,5,699604,0.0132150862714286,0.0135395873839319
"678",1982,6,693108,-0.00844136220958084,-0.00498503061651936
"679",1982,7,706074,0.0344739560426036,0.0310892881531974
"680",1982,8,708746,0.0411790575670659,0.0338767991004437
"681",1982,9,736384,0.0307756975160714,0.0256284556384814
"682",1982,10,773573,0.0369626710901163,0.0302751544130721
"683",1982,11,751791,0.00472700270595238,0.0064601960416669
"684",1982,12,782270,0.0182021695099415,0.0157096466181859
"685",1983,1,817709,-0.00272353097428571,0.000950665039095204
"686",1983,2,825323,0.0231278649602273,0.0179792910849639
"687",1983,3,837168,-2.89850471590909e-05,0.000548238540515643
"688",1983,4,869679,0.0197535030268156,0.0166125707880256
"689",1983,5,859916,-0.00965096307514124,-0.00477818044067386
"690",1983,6,882678,0.00439956038426966,0.00475436293796005
"691",1983,7,919603,-0.0148526366605556,-0.00845450834213155
"692",1983,8,901962,0.00653080456573034,0.00719493371087962
"693",1983,9,932952,0.0258821816773481,0.0217051162709299
"694",1983,10,961660,0.00229546181793478,0.00470419728931629
"695",1983,11,945422,0.011002709363388,0.00982120027251661
"696",1983,12,960023,0.00214933707608696,0.00389437396666851
"697",1984,1,975703,0.0151132147221622,0.013519858994981
"698",1984,2,997504,-0.00292014242566845,-0.000390516387681152
"699",1984,3,1020601,-0.00513787355454545,-0.00208327010627709
"700",1984,4,1034164,0.00231828230691489,0.00420245226875476
"701",1984,5,1035842,-0.0197949527005319,-0.013113106565161
"702",1984,6,1056962,0.0103916473547368,0.00985244520389759
"703",1984,7,1050361,0.0345497302708995,0.0285383988837375
"704",1984,8,1069741,0.0126866287510526,0.0120603639477152
"705",1984,9,1108792,0.0197910089185567,0.0176901098057862
"706",1984,10,1091128,0.0331773210196891,0.0288312283631716
"707",1984,11,1108268,0.01532638558,0.0148500791607799
"708",1984,12,1130411,0.0124807370685279,0.0121089531789778
"709",1985,1,1158641,0.018871580964,0.0159839790235355
"710",1985,2,1176725,-0.014589651115,-0.00971917588714058
"711",1985,3,1198140,0.0165325409128713,0.0140941535948777
"712",1985,4,1186463,0.0170182912736318,0.0153456494236143
"713",1985,5,1200044,0.043379325832,0.0350185715656089
"714",1985,6,1236230,0.00915656985572139,0.00912872900415101
"715",1985,7,1221833,-0.0022764795465,2.36333991552854e-05
"716",1985,8,1237669,0.0151435295975124,0.0134710173428442
"717",1985,9,1267667,0.00637743595862069,0.00653869353691727
"718",1985,10,1261986,0.0170080579411765,0.0147202961229888
"719",1985,11,1279141,0.0195908857142157,0.0161422466871909
"720",1985,12,1300387,0.0266719364966019,0.0222836816880873
"721",1986,1,1328034,0.00394488270574163,0.00531742283432683
"722",1986,2,1345959,0.0364108710861905,0.0287436361803628
"723",1986,3,1364564,0.0335183740306604,0.028030222758338
"724",1986,4,1365797,0.00454143715446009,0.00478335774172414
"725",1986,5,1360022,-0.0165783169819905,-0.0120442846060689
"726",1986,6,1389125,0.0271842107971698,0.0226944948049109
"727",1986,7,1404066,0.00643679461214953,0.00649504620696014
"728",1986,8,1414699,0.0241138199934579,0.0206496070087771
"729",1986,9,1411686,-0.012138336815566,-0.00919357110773323
"730",1986,10,1447015,0.0130468222455814,0.0113042829015451
"731",1986,11,1458013,0.010109036500939,0.00865608441225709
"732",1986,12,1474113,0.00209302161869159,0.00246377816449309
"733",1987,1,1504402,0.00915295005345622,0.00853983703918501
"734",1987,2,1496214,0.0066010316855814,0.00609496406923836
"735",1987,3,1502106,-0.00387864951002617,-0.00248559175510007
"736",1987,4,1525851,-0.0179972405050691,-0.0146242992078828
"737",1987,5,1529328,-0.00250032916,-0.0013996132666959
"738",1987,6,1524727,0.010428715772093,0.010036188435207
"739",1987,7,1551988,-0.00134718892522936,-0.000205870112718913
"740",1987,8,1548890,-0.00329255469698083,-0.00236566357095121
"741",1987,9,1565955,-0.0145197133246575,-0.0122330074465798
"742",1987,10,1561210,0.0330265579269406,0.0301988511642513
"743",1987,11,1585865,0.00441924115045455,0.00472144717186312
"744",1987,12,1605381,0.0116325434135747,0.0108045281827371
"745",1988,1,1630471,0.0262534702121076,0.0234857158694019
"746",1988,2,1614788,0.00932994450271493,0.00897196657668245
"747",1988,3,1634468,-0.00710011016891892,-0.00562985009612461
"748",1988,4,1659581,-0.00302254755784753,-0.00222946777909786
"749",1988,5,1632791,-0.00464319470590909,-0.00355713966356937
"750",1988,6,1651685,0.0186967959497738,0.0171592441839535
"751",1988,7,1673598,-0.00398868459506726,-0.0032383645963398
"752",1988,8,1630784,0.00287644075727273,0.00310184018030892
"753",1988,9,1662722,0.0181630743013514,0.0170065946147974
"754",1988,10,1701905,0.0152411344546667,0.0143102411568917
"755",1988,11,1686347,-0.00832869172387387,-0.00671452070202064
"756",1988,12,1713856,0.00367979484508929,0.00425721763134727
"757",1989,1,1723665,0.0122814715696429,0.0116912998375253
"758",1989,2,1733411,-0.00568135495155556,-0.00418590725985355
"759",1989,3,1742546,0.00664712214424779,0.006709809045184
"760",1989,4,1765409,0.0180002764418502,0.0169520682906079
"761",1989,5,1728058,0.0198828990192825,0.0187630111153341
"762",1989,6,1760303,0.0270985864417778,0.025875178239591
"763",1989,7,1776289,0.0178482399400881,0.0169453316106743
"764",1989,8,1736279,-0.0110093377804444,-0.00964157234176408
"765",1989,9,1785453,0.00369323070524017,0.00422854017088924
"766",1989,10,1779737,0.0214723169394737,0.0206333150631038
"767",1989,11,1802137,0.00886705099251101,0.00860842942416359
"768",1989,12,1847116,0.00173369399257642,0.00252072937801232
"769",1990,1,1832503,-0.00779003208228943,-0.00700641864468369
"770",1990,2,1841621,0.00298864820579736,0.00323832041663074
"771",1990,3,1870656,0.00200276457641921,0.00232100534479311
"772",1990,4,1867707,-0.00457175805701754,-0.00362705639579479
"773",1990,5,1868139,0.0223705647519824,0.0211065293617025
"774",1990,6,1917142,0.012987336556087,0.0125928148662575
"775",1990,7,1923520,0.011675640580786,0.0113406400089986
"776",1990,8,1920244,-0.00868392257324561,-0.00744025829451143
"777",1990,9,1983338,0.00901403906724138,0.00853084601888559
"778",1990,10,1965023,0.014170709626087,0.0135946605343888
"779",1990,11,1988388,0.0181430048291304,0.0169228517414792
"780",1990,12,2054618,0.0135298858478448,0.0129412228043122
"781",1991,1,2060520,0.00935262484784483,0.00930561377663978
"782",1991,2,2089396,0.00568860906939655,0.00563099715002302
"783",1991,3,2133451,0.00426808484595745,0.00430366274696039
"784",1991,4,2096301,0.00966478945708154,0.00958542877792741
"785",1991,5,2078132,0.00480135756452991,0.00468687234078321
"786",1991,6,2158795,-0.000348303651882845,-9.03610349100308e-05
"787",1991,7,2127325,0.0107284819283898,0.010398130675287
"788",1991,8,2160721,0.018435334464135,0.0174009886883076
"789",1991,9,2227824,0.0166828293883333,0.015694679831677
"790",1991,10,2256900,0.00850524127344398,0.0080704141161826
"791",1991,11,2286779,0.00958917319958333,0.00815819546262936
"792",1991,12,2286834,0.0262325748895833,0.0245647047826585
"793",1992,1,2319755,-0.0103743199524793,-0.00881087480396301
"794",1992,2,2338362,0.00371302021833333,0.00333784884382876
"795",1992,3,2361861,-0.0033936031665272,-0.00253022088743999
"796",1992,4,2371035,0.00625776657708333,0.00595817657975766
"797",1992,5,2397221,0.0134052474158333,0.0126992107915913
"798",1992,6,2426442,0.01267207863375,0.0110706202507133
"799",1992,7,2435071,0.0198369992900415,0.0182942141991921
"800",1992,8,2480879,0.00821758859834025,0.00746946546617223
"801",1992,9,2506850,0.0123331066259259,0.0112108329897035
"802",1992,10,2511516,-0.0105972969917695,-0.00933837223259382
"803",1992,11,2498217,-0.00118436719211618,-0.000374402171996028
"804",1992,12,2555802,0.0130107204213115,0.0123820118921357
"805",1993,1,2596810,0.015925620182377,0.0146266745657287
"806",1993,2,2578287,0.0150946703478992,0.0136694504380501
"807",1993,3,2603645,0.00390354775916667,0.00337967233902667
"808",1993,4,2630968,0.00654314625123967,0.00611891658676996
"809",1993,5,2643407,-0.000742275129463333,-0.000371932836807054
"810",1993,6,2634658,0.0168532334516807,0.0155803980773576
"811",1993,7,2680510,0.00422841733958333,0.00446228789059354
"812",1993,8,2683292,0.0163275559472574,0.0152191572017407
"813",1993,9,2726562,0.00395100780414938,0.0035903834509958
"814",1993,10,2759570,0.00299513205330579,0.00309997815042253
"815",1993,11,2712521,-0.00663508230084388,-0.00568723542648157
"816",1993,12,2793479,0.00361834392845188,0.00345786020344137
"817",1994,1,2821521,0.010816300467364,0.00995961933480073
"818",1994,2,2809228,-0.0152107056164557,-0.0134302462152292
"819",1994,3,2836072,-0.0147317987306723,-0.0128931540562485
"820",1994,4,2873996,-0.00576893321631799,-0.00497136174172121
"821",1994,5,2817741,0.000349186193368803,0.000420341977534053
"822",1994,6,2844136,-0.000358900814767932,2.32943264667724e-05
"823",1994,7,2896610,0.0134194167807531,0.0127374334091281
"824",1994,8,2828001,0.00216186121201717,0.00192272216234213
"825",1994,9,2907547,-0.00925037760378151,-0.0081809434121241
"826",1994,10,2938656,0.000547974853556485,0.000998362062485878
"827",1994,11,2917157,-0.000942831235042735,-0.000592201494002003
"828",1994,12,2956625,0.00551771343559322,0.00548007390337283
"829",1995,1,2967982,0.0153545788123932,0.0144530108148406
"830",1995,2,2981304,0.0178949548575758,0.0161260807367559
"831",1995,3,3034801,0.00598897691367521,0.0059421745555556
"832",1995,4,3055182,0.0109019749051064,0.00996726766135163
"833",1995,5,2940235,0.0319947307083333,0.0289390202657929
"834",1995,6,3024553,0.00760769573347639,0.00728455031701154
"835",1995,7,3094137,-0.00133853348680851,-0.000492705683519346
"836",1995,8,3045665,0.00971607195714286,0.00916387140159571
"837",1995,9,3129122,0.00772132911779661,0.00718939856986126
"838",1995,10,3100314,0.0122565576816239,0.011528160487257
"839",1995,11,3072870,0.0129887508077586,0.011902842933386
"840",1995,12,3162712,0.0111467655455319,0.0104597556638946
"841",1996,1,3103600,0.0064868706034632,0.00616388881530555
"842",1996,2,3101781,-0.0128243119352174,-0.01083637746943
"843",1996,3,3221798,-0.00568765190291845,-0.00437623493200013
"844",1996,4,3163633,-0.00357040896913043,-0.00216178635145325
"845",1996,5,3108807,-1.6936800930131e-05,0.00064312847748229
"846",1996,6,3199726,0.00957667116781116,0.00884699647111068
"847",1996,7,3149151,0.00341212517860262,0.00360602155251847
"848",1996,8,3187824,-0.000139674923478261,0.000418732014020473
"849",1996,9,3219660,0.0136408788497835,0.0125133046721209
"850",1996,10,3214962,0.0175768296948276,0.0160626653403064
"851",1996,11,3249112,0.0135457005527897,0.012246189126849
"852",1996,12,3248432,-0.00630314534978355,-0.00481317386822889
"853",1997,1,3250963,0.00228854982943723,0.00253823999886514
"854",1997,2,3251739,0.00155890828528139,0.00181747494688202
"855",1997,3,3306572,-0.00636171841559829,-0.00499194876301041
"856",1997,4,3299374,0.0113736728253219,0.0105938450767508
"857",1997,5,3228805,0.00784419281422414,0.00760688961944797
"858",1997,6,3233078,0.0099136171862069,0.00933811797675039
"859",1997,7,3227974,0.0217060442482759,0.0199045839652665
"860",1997,8,3245588,-0.00620658842575107,-0.00505933417415276
"861",1997,9,3230362,0.0131959735538793,0.0122914845691567
"862",1997,10,3233991,0.013009615349569,0.0120623689795702
"863",1997,11,3248388,0.00353469225646552,0.00370054694056335
"864",1997,12,3245189,0.0104654401621739,0.00982487117279342
"865",1998,1,3243663,0.012367857887931,0.0114518541967752
"866",1998,2,3197162,-0.00118562842088428,-0.000671914448520792
"867",1998,3,3222295,0.00388435499086957,0.00404140835797622
"868",1998,4,3171947,0.00417883216478261,0.00422442440551434
"869",1998,5,3194566,0.00777071032543103,0.00752240070623521
"870",1998,6,3149146,0.00939127826565217,0.00920442356607776
"871",1998,7,3139503,0.00296130329478261,0.00303017708918628
"872",1998,8,3107808,0.0224576508311404,0.0211916565290891
"873",1998,9,3138359,0.0192662836969432,0.0181990196294038
"874",1998,10,3128279,-0.00100190610219298,-0.000682697359349022
"875",1998,11,3061661,0.000947486050678733,0.00122040230669591
"876",1998,12,3121488,0.00251754008609865,0.00255878871872184
"877",1999,1,3127573,0.00475338632723214,0.00476336356193784
"878",1999,2,3057477,-0.016852349915,-0.0154662023290635
"879",1999,3,3061342,0.00532515449041096,0.00523095473889745
"880",1999,4,3010747,0.00332576178479263,0.00331464450187751
"881",1999,5,3030555,-0.00601452683594495,-0.00542838084473389
"882",1999,6,3003594,0.00100755517361111,0.0011758749247065
"883",1999,7,3013825,-5.85745134259259e-05,0.000172731490508374
"884",1999,8,2944763,0.00163835914976303,0.00174376465420667
"885",1999,9,2981161,0.00714203605023474,0.00692216361505819
"886",1999,10,3007702,0.000694317320187793,0.000919374773500832
"887",1999,11,2922951,0.000286020956198068,0.000485577168599806
"888",1999,12,2971841,-0.00272711663203883,-0.0022573428028302
"889",2000,1,2954146,0.00290645882254902,0.00289439007077291
"890",2000,2,2896808,0.0111814413442786,0.0109432566266043
"891",2000,3,2912436,0.0152237784830846,0.014543957700079
"892",2000,4,2921998,-0.000835186545544554,-0.000473006005480497
"893",2000,5,2814942,0.00349156349742268,0.00357656809418773
"894",2000,6,2799361,0.0127417709450777,0.0122218648839637
"895",2000,7,2806394,0.00845127024611399,0.00813007065764775
"896",2000,8,2717327,0.011890964881383,0.0113162827104154
"897",2000,9,2786403,0.00232370166684211,0.00251479687776406
"898",2000,10,2710604,0.00840345975967742,0.00813125542432712
"899",2000,11,2655770,0.0148348589461538,0.0141670547766387
"900",2000,12,2737906,0.0155971534945946,0.0148953949899186
"901",2001,1,2672486,0.00951084773646409,0.00917767147239237
"902",2001,2,2640899,0.00914218547022472,0.00856674503418987
"903",2001,3,2687420,0.00363732205833333,0.00385231364188742
"904",2001,4,2604820,-0.0070437458480226,-0.00622030046504204
"905",2001,5,2506866,0.00473071514739884,0.00463330663783242
"906",2001,6,2539363,0.00299351987745665,0.00297935676268308
"907",2001,7,2523308,0.0181262506345029,0.0168519930097062
"908",2001,8,2489488,0.010728928335119,0.00998785334745626
"909",2001,9,2599438,0.0124228859394118,0.0117263050601526
"910",2001,10,2543771,0.0216103281674699,0.0192874698154782
"911",2001,11,2491593,-0.017529881075,-0.0153818018525528
"912",2001,12,2582643,-0.0050259914560241,-0.00444200846959769
"913",2002,1,2554135,0.00488618295914634,0.00433601544360635
"914",2002,2,2559924,0.00691443208209877,0.00633389229872274
"915",2002,3,2640776,-0.0163864833550884,-0.0142189710825245
"916",2002,4,2584582,0.0183223734875,0.0161869036302901
"917",2002,5,2514145,0.00446737729746835,0.00443581549624437
"918",2002,6,2638649,0.0102891390900621,0.0094833791792836
"919",2002,7,2621941,0.0168755006484076,0.0152076034116823
"920",2002,8,2632429,0.0159867524592357,0.013527873545888
"921",2002,9,2668180,0.0191665529301282,0.0167782838776867
"922",2002,10,2683586,-0.00726329567115385,-0.00538869769042978
"923",2002,11,2749969,-0.00665295903419355,-0.00584828603647205
"924",2002,12,2751810,0.0192396679519481,0.0163600564027441
"925",2003,1,2730994,-0.00174744283986928,-0.00148032714729688
"926",2003,2,2759780,0.0126743071397351,0.0103196488693897
"927",2003,3,2848937,-0.00209844917368421,-0.00115326262778345
"928",2003,4,2868688,0.00353648681788079,0.00280291653088785
"929",2003,5,2823100,0.0204577016744966,0.0158455912949639
"930",2003,6,2877468,-0.002963391232,-0.00176522218356197
"931",2003,7,2927025,-0.0309326357133333,-0.0229504960912955
"932",2003,8,2957212,0.00205585698513513,0.00121433444890847
"933",2003,9,2973468,0.023862995190604,0.0187262211956678
"934",2003,10,2988893,-0.0110430360153333,-0.00846868254678274
"935",2003,11,3063205,0.000710412346,0.000405751290269636
"936",2003,12,3066915,0.00757193290331126,0.00638070597119617
"937",2004,1,3096712,0.00655039034313726,0.00511962756233809
"938",2004,2,3069536,0.00968044150463576,0.00773215197258009
"939",2004,3,3157098,0.00712745815714286,0.00578122839888964
"940",2004,4,3176331,-0.0245748901103226,-0.0192028531599157
"941",2004,5,3203619,-0.00236613748961039,-0.00189769370516856
"942",2004,6,3200727,0.00499748378322581,0.00384259541260582
"943",2004,7,3213057,0.00643451816794872,0.00523808558626635
"944",2004,8,3197304,0.017069408011039,0.0134928868675149
"945",2004,9,3248854,0.00196434959363057,0.00133449629909371
"946",2004,10,3341094,0.00651572628050314,0.00521614269431441
"947",2004,11,3279655,-0.00997274041096774,-0.00765716968788135
"948",2004,12,3344504,0.00835017852866242,0.00632524308860235
"949",2005,1,3412019,0.00691898341572327,0.00464198073827461
"950",2005,2,3395296,-0.00663948401518987,-0.00494866165683914
"951",2005,3,3412852,-0.001047850598575,-0.000353184191457246
"952",2005,4,3524423,0.0140088194840491,0.0109138035424764
"953",2005,5,3389263,0.0117424569525316,0.00916985096685397
"954",2005,6,3398336,0.00583736593602485,0.00457607884277514
"955",2005,7,3460693,-0.0114491762503067,-0.00840881836006482
"956",2005,8,3420359,0.0138265703608696,0.0111642839216429
"957",2005,9,3438403,-0.010323105570122,-0.00731334118922817
"958",2005,10,3500170,-0.00569342892668132,-0.00376145141892672
"959",2005,11,3473306,0.00487913515,0.0044624660539799
"960",2005,12,3523605,0.00888116038502994,0.0071660060427324
"961",2006,1,3523703,-0.00143196659640719,-0.000348067029774927
"962",2006,2,3538776,0.00163095493712575,0.00157652287228378
"963",2006,3,3577716,-0.00787289133207,-0.00457605277447304
"964",2006,4,3692537,-0.00301546508439306,-0.00100739265722085
"965",2006,5,3511170,0.000731283937892216,0.00130527569415478
"966",2006,6,3530915,0.00391781947836257,0.00362030082450286
"967",2006,7,3571397,0.0110632967465116,0.00963279903749289
"968",2006,8,3495571,0.0127723539134503,0.0108582397787298
"969",2006,9,3638669,0.00816967798465909,0.00727389602735291
"970",2006,10,3591200,0.00506547231387283,0.00477906249148867
"971",2006,11,3530202,0.00907022727965116,0.00797064420901263
"972",2006,12,3659375,-0.0057335699519774,-0.00371070903351269
"973",2007,1,3620356,0.000361496033142857,0.00118070808140757
"974",2007,2,3616103,0.01295448900625,0.0111424075071874
"975",2007,3,3649666,0.000826061397777778,0.00174811839564831
"976",2007,4,3688642,0.00526122586333333,0.00498456742260298
"977",2007,5,3567045,-0.00635452029438202,-0.00450594585686399
"978",2007,6,3620258,0.000461788741208791,0.0012562559049829
"979",2007,7,3609965,0.014883647280663,0.0130961884658255
"980",2007,8,3547444,0.0124498183555556,0.0116206313556508
"981",2007,9,3677449,0.00443279878913043,0.00446857975916841
"982",2007,10,3633645,0.00754357801593407,0.00673979143286879
"983",2007,11,3607380,0.0263701387081967,0.0233415860341839
"984",2007,12,3727067,0.000336579832258064,0.000829701405312139
"985",2008,1,3712141,0.0223092405639785,0.0202069550466008
"986",2008,2,3684432,0.00790270557135135,0.00739800813669613
"987",2008,3,3836168,0.00580493363015873,0.00550240672587733
"988",2008,4,3853878,-0.0120670976772487,-0.0104815542514724
"989",2008,5,3707521,-0.0107533391305151,-0.00918414326943619
"990",2008,6,3775557,0.00754327767433155,0.00665856013065863
"991",2008,7,3839320,0.00430678797210526,0.00414593035990946
"992",2008,8,3881416,0.00840217854270833,0.00737074677330103
"993",2008,9,3905001,0.00622401915052083,0.00607348569528241
"994",2008,10,4159036,-0.00123982912061856,0.000951683458478479
"995",2008,11,4637958,0.0414561097538071,0.0314043212001211
"996",2008,12,4679517,0.0246812287614343,0.018951943179763
"997",2009,1,4555910,-0.021716563292494,-0.0171302434321504
"998",2009,2,4792927,-0.00250106019296482,-0.00222209489487345
"999",2009,3,4922663,0.0166113786544554,0.0124424359322566
"1000",2009,4,5172678,-0.0142292245853659,-0.0107088847774215
"1001",2009,5,5240277,-0.00745323888959512,-0.00594201355015962
"1002",2009,6,5316323,-0.00126241742146341,-0.00146700579558676
"1003",2009,7,5400465,0.00404448147607655,0.00341307548704963
"1004",2009,8,5618509,0.00682123711990521,0.00557854307247857
"1005",2009,9,5875415,0.00608133521348837,0.00486603785466924
"1006",2009,10,5789670,-0.00027766591779447,9.81159382596376e-05
"1007",2009,11,5854139,0.0102654597179682,0.00873276599206838
"1008",2009,12,6037110,-0.0201905109141909,-0.0173758670153445
"1009",2010,1,6286981,0.0131118682099548,0.011417655950286
"1010",2010,2,6203570,0.00113319769189213,0.00112223854004196
"1011",2010,3,6364612,-0.00541445177772727,-0.00485250627556403
"1012",2010,4,6599677,0.00888863544756071,0.00760170152050061
"1013",2010,5,6831926,0.0135769670396476,0.0117918345818554
"1014",2010,6,6771105,0.0160137802600877,0.014024071679965
"1015",2010,7,6902161,0.00441663376497414,0.00417174110317767
"1016",2010,8,6971697,0.0174754001952381,0.0149490503767311
"1017",2010,9,7145886,-0.000539382365400844,-6.9236314732225e-05
"1018",2010,10,7394726,-0.00135167313817427,-0.000597932406343683
"1019",2010,11,7375291,-0.00594320084864059,-0.00530207220974574
"1020",2010,12,7515405,-0.0142950309224082,-0.0127775801510331
"1021",2011,1,7701700,-0.00035704176467085,-8.36385356286436e-05
"1022",2011,2,7775036,-0.000604348087903226,-0.000897490672657953
"1023",2011,3,7770687,-0.00111295643116706,-0.00106365060021707
"1024",2011,4,7997140,0.0102846059853297,0.0097317069916202
"1025",2011,5,7912061,0.0118183682575368,0.0110414876439551
"1026",2011,6,8058979,-0.00248377446983707,-0.00203484141503139
"1027",2011,7,8265175,0.0147670160141377,0.0138463970292981
"1028",2011,8,8150884,0.0210878353241379,0.0198459017971879
"1029",2011,9,8301807,0.0129983266077955,0.0121220483051778
"1030",2011,10,8466631,-0.00355272263876815,-0.00330833397203973
"1031",2011,11,8553569,0.00322186396664465,0.00292015814805456
"1032",2011,12,8606287,0.00691072345300066,0.00663282755227007
"1033",2012,1,8653557,0.00369902671976605,0.00348851087088243
"1034",2012,2,8813159,-0.00510228539017044,-0.00490047599149533
"1035",2012,3,8892869,-0.00777331741685294,-0.0072851483767771
"1036",2012,4,8940510,0.0113442721339935,0.0107670946880996
"1037",2012,5,9037176,0.0140453460870791,0.0135612509524411
"1038",2012,6,9237407,-0.00315631075867676,-0.00289319211286802
"1039",2012,7,9179219,0.00823070345978648,0.00798628170090157
"1040",2012,8,9252876,-0.0011828928035753,-0.00120723655837856
"1041",2012,9,9390804,-0.00260215504493554,-0.0024742499773898
"1042",2012,10,9372265,-0.00164227115392667,-0.0017013322346472
"1043",2012,11,9463837,0.00426836228397213,0.00417828225638194
"1044",2012,12,9606192,-0.00380399936517241,-0.00362710895963238
"1045",2013,1,9622225,-0.00637142662154586,-0.0062586435204588
"1046",2013,2,9727502,0.00496228492422715,0.00485560894926569
"1047",2013,3,9926457,0.000886795741103729,0.000850757974873109
"1048",2013,4,9799005,0.0075835210670411,0.0074332221486783
"1049",2013,5,9864977,-0.0138151928463493,-0.0136947967223916
"1050",2013,6,10039765,-0.0108206871900445,-0.0106555327853031
"1051",2013,7,9924128,-0.000590738394281818,-0.000645658533904822
"1052",2013,8,10045580,-0.00568683751723256,-0.00581860859774879
"1053",2013,9,9997007,0.00762111443959267,0.00749615196290813
"1054",2013,10,10088332,0.00350060940941462,0.00354939770895555
"1055",2013,11,10271025,-0.00299268895199106,-0.00296863654410565
"1056",2013,12,10229777,-0.00829659381714419,-0.00839547471347287
"1057",2014,1,10333147,0.0140235450522566,0.0141126194021939
"1058",2014,2,10396122,0.00191335456635243,0.0018930772377619
"1059",2014,3,10560941,-0.00220334111948052,-0.00226519352418202
"1060",2014,4,10479211,0.00462541015728155,0.00468921992533321
"1061",2014,5,10456918,0.00733809659292419,0.0075710872273493
"1062",2014,6,10358310,-0.00111082577608361,-0.0011291023598365
"1063",2014,7,10446364,-0.00050033168752623,-0.000513207577358423
"1064",2014,8,10570686,0.00871934063280696,0.00917690447952345
"1065",2014,9,10500815,-0.00379627334243834,-0.00396913928279844
"1066",2014,10,10593796,0.00714607199993271,0.00742831834929295
"1067",2014,11,10735802,0.00756661905134075,0.00793101775500036
"1068",2014,12,10628198,0.000573815793657413,0.000674751577095807
"1069",2015,1,10774904,0.0215111220685677,0.0228647643611158
"1070",2015,2,10750573,-0.0126953359616376,-0.013555366384222
"1071",2015,3,10732908,0.00500188301310597,0.00508774587008813
"1072",2015,4,10779229,-0.00367046277170464,-0.0040471005801596
"1073",2015,5,10906075,-0.00282876383125627,-0.00322542691609719
"1074",2015,6,10775305,-0.00628844642726862,-0.00697699418191541
"1075",2015,7,10860083,0.00827887224435627,0.00893356779729244
"1076",2015,8,10908691,-0.00132935746522416,-0.00135731671096894
"1077",2015,9,10953876,0.00850670218338909,0.00892668884103587
"1078",2015,10,10929151,-0.00327082990518293,-0.00341870841566605
"1079",2015,11,10907973,-0.00300741694769228,-0.00311366642507079
"1080",2015,12,11083537,-0.00166777191921311,-0.00170336168736095
"1081",2016,1,11121817,0.0162191447475788,0.0172072361561238
"1082",2016,2,11034364,0.00666683725938462,0.00714510709979624
"1083",2016,3,11176651,0.00166870652713415,0.00159064808898655
"1084",2016,4,11366515,-0.00170972292054381,-0.00185835330611181
"1085",2016,5,11167919,5.44982956532308e-05,8.86155076963577e-05
"1086",2016,6,11251850,0.0180986689006079,0.0191776738632121
"1087",2016,7,11438682,0.00195210382521802,0.00221933363487634
"1088",2016,8,11283107,-0.00449684341365828,-0.00477035170121173
"1089",2016,9,11406012,8.67575935172727e-05,1.67897692977418e-05
"1090",2016,10,11575305,-0.00767933591843212,-0.00822639195627779
"1091",2016,11,11615996,-0.0199575780912058,-0.0210376460344832
"1092",2016,12,11707990,-0.000509314358529003,-0.00048120658677613
"1093",2017,1,11601672,0.00204691205718654,0.00202485018497683
"1094",2017,2,11658574,0.00252721969513678,0.0026800621322224
"1095",2017,3,11581009,0.00153878671832424,0.00159706634248455
"1096",2017,4,11771660,0.00488464576713731,0.0051249331211348
"1097",2017,5,11581586,0.00468068862560976,0.00503782823411265
"1098",2017,6,11710401,-0.000613905435951662,-0.00058825582174975
"1099",2017,7,11839154,0.00119820791299699,0.00110174897877252
"1100",2017,8,11789690,0.00849953335848485,0.00899764252647405
"1101",2017,9,12018072,-0.00649396540776119,-0.00676643234908007
"1102",2017,10,11917568,-0.000540090036604518,-0.00056472969793895
"1103",2017,11,11969858,-0.000522374656803404,-0.000334471821359915
"1104",2017,12,12172690,0.00214753796852857,0.00237369603740369
