"","Year","Month","Stock_lag_MV","Stock_Excess_Vw_Ret","Bond_lag_MV","Bond_Excess_Vw_Ret"
"1",1926,1,26829,-0.0027031324914741,809,0.0104437648241038
"2",1926,2,27017,-0.0367630225050675,809,0.0033860892487021
"3",1926,3,26127,-0.0677395168450472,809,0.00110321880494438
"4",1926,4,24324,0.0338993088856355,809,0.00436884442113721
"5",1926,5,25270,0.0119198886602593,809,0.0011298106499382
"6",1926,6,25492,0.051200851263908,809,0.00029077130815822
"7",1926,7,26449,0.029570392897304,809,-0.00150949505228677
"8",1926,8,27318,0.0263764974146327,809,-0.0021266945437
"9",1926,9,28348,0.00363720068932455,809,0.0014956187684796
"10",1926,10,28154,-0.0324351250846048,809,0.00642836156378245
"11",1926,11,27254,0.0253478500076986,809,0.0120789568264524
"12",1926,12,28273,0.0262030953475753,809,0.00471759816749073
"13",1927,1,29609,-0.00056351062044176,809,0.004793338507911
"14",1927,2,29747,0.0417271796901413,809,0.00621466436736712
"15",1927,3,31084,0.00129979242866349,809,0.0212024626891224
"16",1927,4,31125,0.00459695466458358,809,-0.00269270829419036
"17",1927,5,31348,0.0544447602767618,809,0.00742353607775031
"18",1927,6,33433,-0.0233857400765075,809,-0.00897626180840544
"19",1927,7,32614,0.0725715810656335,809,0.00206421090185414
"20",1927,8,34753,0.0196539329072978,809,0.00453751460494438
"21",1927,9,35717,0.0476300170216593,809,0.00013859222249691
"22",1927,10,38809,-0.0430911874019276,809,0.00759525536118665
"23",1927,11,37223,0.0652547747837504,809,0.00709525235562423
"24",1927,12,39337,0.0208796193248464,809,0.00479122114289246
"25",1928,1,40835,-0.00547380167111242,809,-0.0049881442039555
"26",1928,2,39846,-0.0169535139461862,809,0.00259426410210136
"27",1928,3,39287,0.0880172836896195,809,0.00148300913671199
"28",1928,4,42827,0.0425199872239211,809,-0.00271843126081582
"29",1928,5,44713,0.0155217353371712,809,-0.0104639047354759
"30",1928,6,45377,-0.048522342345435,809,0.00013406078170581
"31",1928,7,43569,0.00627492123107503,809,-0.0264603062113721
"32",1928,8,44205,0.0667844882993218,809,0.00412529484252163
"33",1928,9,47171,0.0287448451709994,809,-0.00769351508899876
"34",1928,10,48888,0.014579539843028,809,0.0126203614747837
"35",1928,11,49989,0.11797604888371,809,-0.00241621781557478
"36",1928,12,55994,0.00081483517846105,809,-0.00287296144449938
"37",1929,1,58150,0.0467215146928993,809,-0.0119286657923362
"38",1929,2,61547,-0.0033233992378858,809,-0.0180803910333745
"39",1929,3,60991,-0.00843271278688402,809,-0.0170963339245983
"40",1929,4,61018,0.0143107643859866,809,0.0224174352163164
"41",1929,5,63425,-0.0636680533410137,809,-0.0197254578899876
"42",1929,6,60636,0.09698336916678,809,0.00527862291495674
"43",1929,7,66272,0.0424861403901038,809,-0.00385932364647713
"44",1929,8,69479,0.0835136753552193,809,-0.00707036226823239
"45",1929,9,76628,-0.0542192325015232,809,-0.00214290436749073
"46",1929,10,73826,-0.200063477544556,809,0.032227222405068
"47",1929,11,59875,-0.127138659981047,809,0.0164592912810878
"48",1929,12,52552,0.0133160623065624,809,-0.0108063941322621
"49",1930,1,55149,0.0560539392673276,809,-0.00553689300370828
"50",1930,2,58903,0.0250352987435282,809,0.00961867418046972
"51",1930,3,60287,0.0710431592080307,809,0.00550103000828183
"52",1930,4,64876,-0.0205323812375816,809,-0.00311549389122373
"53",1930,5,63867,-0.0166033679165452,809,0.0119622960852905
"54",1930,6,62984,-0.162383702821711,809,0.000970615804449938
"55",1930,7,53081,0.0411709065175755,809,0.0033681171394314
"56",1930,8,56400,0.00331533869473495,809,0.00142787118541409
"57",1930,9,56304,-0.127524192400557,809,0.00538348315500618
"58",1930,10,48995,-0.0878266750854938,809,0.00273612060321384
"59",1930,11,45122,-0.0301073833064017,809,0.00311713711681088
"60",1930,12,43781,-0.0782848966211246,809,-0.00781606543510507
"61",1931,1,40641,0.063271896318677,809,-0.0114821523807169
"62",1931,2,43180,0.108759029052755,809,0.0076618730723115
"63",1931,3,47701,-0.0639023181328599,809,0.007980978876267
"64",1931,4,44250,-0.0998836624161427,809,0.00759332218084055
"65",1931,5,39929,-0.132402035223763,809,0.0134216064737948
"66",1931,6,34608,0.139269132310556,809,0.000315269986402967
"67",1931,7,39210,-0.0661861150930317,809,-0.0041061344487021
"68",1931,8,36390,0.00402993572290446,809,0.000928941200247219
"69",1931,9,36280,-0.289477902123896,809,-0.0266110493955501
"70",1931,10,25210,0.0805761105769306,1564,-0.0405347615019182
"71",1931,11,27189,-0.0907552996616472,1564,-0.0020653727463555
"72",1931,12,24563,-0.135737078231361,1564,-0.042394612084399
"73",1932,1,21163,-0.0158075574649995,1564,-0.00786732150735294
"74",1932,2,20880,0.0554150386874604,1564,0.0331525545037084
"75",1932,3,21909,-0.111779667760445,1564,0.000347342972762148
"76",1932,4,19350,-0.179528863927846,1564,0.0448507314482097
"77",1932,5,15835,-0.203790931759885,1564,-0.0227685116393862
"78",1932,6,12434,-0.0070030510234792,1564,0.013523174923977
"79",1932,7,12102,0.338376123375015,1564,0.0343165844429028
"80",1932,8,16216,0.370707676126053,1564,0.00531821188836317
"81",1932,9,22154,-0.0293615469125813,1564,0.00849120985038363
"82",1932,10,21355,-0.131726540950382,1564,-0.00517039918734015
"83",1932,11,18451,-0.058765290872812,1564,0.00687554203925831
"84",1932,12,17271,0.0440317756665866,1564,0.0162498996572251
"85",1933,1,17911,0.0125113225721637,1564,0.0142326849866368
"86",1933,2,18159,-0.152449121427065,1564,-0.033891210923913
"87",1933,3,15150,0.0314561806716661,1564,0.0149462420159847
"88",1933,4,15472,0.388467891865051,1564,-0.00248031692519182
"89",1933,5,21624,0.214295252365542,1564,0.0256899149940537
"90",1933,6,26211,0.130749875767922,1564,0.00725456077097187
"91",1933,7,29564,-0.0963154205299366,1564,-0.00199396507736573
"92",1933,8,26710,0.120347726674292,1564,0.00910429024744245
"93",1933,9,29830,-0.106532916795189,1564,-0.000378472957480818
"94",1933,10,26545,-0.0835916600423777,1564,-0.00401249070242967
"95",1933,11,24311,0.0996755166667926,1564,-0.02331811557289
"96",1933,12,26721,0.018251231391896,1564,-0.00087417556387468
"97",1934,1,27076,0.126067000834465,1564,0.0151788440330563
"98",1934,2,30457,-0.0249895601511852,1564,0.0127305147549872
"99",1934,3,29613,0.00092291791715957,1564,0.0172912968264706
"100",1934,4,29505,-0.0178837439896814,1564,0.0110989073056905
"101",1934,5,29030,-0.0726275573212502,1564,0.014511120065665
"102",1934,6,26803,0.0264487417379876,1564,0.00951120073599744
"103",1934,7,27296,-0.109609528148599,1564,0.00392113400850384
"104",1934,8,24281,0.0558325371978115,1564,-0.00860961993094629
"105",1934,9,25878,-0.00230035741011566,1564,-0.0166568007282609
"106",1934,10,25714,-0.0166742977422247,1564,0.0195377007659207
"107",1934,11,25426,0.0832496351574994,1564,0.0058227437266624
"108",1934,12,27472,0.00359916800030164,1564,0.0114947821150895
"109",1935,1,27412,-0.0344643792868468,2055,0.0166746399379075
"110",1935,2,26280,-0.0196003900526397,2055,0.0123971408228224
"111",1935,3,25374,-0.0368047250036686,2055,0.0030045639107056
"112",1935,4,24444,0.0905459170326647,4666,0.00780428774892842
"113",1935,5,26922,0.0346497009273584,4666,-0.00261243541748821
"114",1935,6,27782,0.0592527831811008,4666,0.0072344240781183
"115",1935,7,29207,0.0747915683165065,4666,0.0031817916932276
"116",1935,8,31396,0.0265168272957371,4666,-0.0143069966603086
"117",1935,9,32211,0.0262260840042288,4666,-0.00125293939867124
"118",1935,10,32908,0.0702940200833114,4666,0.00756734084303472
"119",1935,11,35145,0.0488015495589724,4666,0.00013127915747964
"120",1935,12,36687,0.0455925818236501,4666,0.00586614679657094
"121",1936,1,38446,0.0688522691473369,4666,0.0041380531537934
"122",1936,2,41054,0.0248944418016485,4666,0.00957893118729104
"123",1936,3,41641,0.0099125637601398,4666,0.00946903516234462
"124",1936,4,42170,-0.081378946480218,5889,0.00380667046748175
"125",1936,5,39192,0.0519199867481254,5889,0.0037945621979623
"126",1936,6,41077,0.0239920180359393,5889,0.000940440551061301
"127",1936,7,42029,0.0667208253901877,7515,0.00537171282444444
"128",1936,8,44781,0.0098921651476871,7515,0.00971876139745842
"129",1936,9,45038,0.00977582336817771,7515,-0.00107637349393214
"130",1936,10,45385,0.0714842379229426,8496,0.00115879805294256
"131",1936,11,48631,0.0326816306336237,8496,0.0190477607868997
"132",1936,12,49935,0.00210525117609509,8496,0.00412746635244821
"133",1937,1,50074,0.0335679483523486,10282,-0.000978104580519354
"134",1937,2,51753,0.010866425992517,10282,0.00484227613923361
"135",1937,3,52325,-0.00255979647617378,10282,-0.0374517111795371
"136",1937,4,52277,-0.0736979001780647,10282,0.00135650342106594
"137",1937,5,48502,-0.00834523957762938,10282,0.00706104831407314
"138",1937,6,47908,-0.0420956756839869,10282,-0.000951280224606108
"139",1937,7,45901,0.0891011521157389,10282,0.0131006657334079
"140",1937,8,49871,-0.0486211704469031,10282,-0.0106456214543863
"141",1937,9,47370,-0.136135559495447,10282,0.00426507049089671
"142",1937,10,40805,-0.0960822667064997,10282,0.00414835079879401
"143",1937,11,36951,-0.0830651385427678,10282,0.00909690118624781
"144",1937,12,33321,-0.0423917683003982,10282,0.00818719837077417
"145",1938,1,31688,0.00487785525219118,10282,0.00600514989046878
"146",1938,2,32032,0.0583905189219796,10282,0.00483335581321727
"147",1938,3,33701,-0.238295750348267,10282,-0.00479762588825131
"148",1938,4,25529,0.145055625068209,10732,0.0212343064996366
"149",1938,5,29266,-0.038238557694495,10732,0.00449573371246739
"150",1938,6,28026,0.238740195262343,10732,0.00321375897834514
"151",1938,7,34527,0.0734338339356046,11650,0.00442289636571674
"152",1938,8,37057,-0.0267207567584237,11650,0.000417950303733906
"153",1938,9,35951,0.00810655142191947,11650,0.000587394962008584
"154",1938,10,36076,0.0780059013982475,12835,0.0100957070949981
"155",1938,11,38867,-0.0178087310685514,12835,-0.00245954699696143
"156",1938,12,37977,0.0418918010853196,12835,0.00868983853661083
"157",1939,1,39142,-0.0595021794246715,15021,0.00556043507265828
"158",1939,2,36785,0.0350706436210762,15021,0.00824121149830903
"159",1939,3,38033,-0.119857336227244,15021,0.0120949365700885
"160",1939,4,33278,-0.00182819226342778,15021,0.00827267626729911
"161",1939,5,33219,0.06803817374427,15021,0.0172217102852473
"162",1939,6,35362,-0.0531374931733327,15021,-0.00409278422215565
"163",1939,7,33340,0.10220980606053,15021,0.0108974643841489
"164",1939,8,36610,-0.0667768996252737,15021,-0.0197788726114773
"165",1939,9,34009,0.168766481320411,15021,-0.0457769338097996
"166",1939,10,39613,-0.00528162985518798,15021,0.0362527239409094
"167",1939,11,39366,-0.0362241289231873,15021,0.0159772391294654
"168",1939,12,37616,0.0302755966919563,15021,0.0109401917955862
"169",1940,1,38540,-0.0240403971600664,16710,-0.000835290406487133
"170",1940,2,37680,0.014422958625813,16710,0.00237018541534411
"171",1940,3,38047,0.0204606166511574,16710,0.0165617027941113
"172",1940,4,38703,0.00231045491983473,16710,-0.000997108798994614
"173",1940,5,38727,-0.219487153688102,16710,-0.0283189085168163
"174",1940,6,30020,0.0666915052002708,16710,0.0249654324913285
"175",1940,7,31867,0.0317048841751866,16710,0.00236775065205266
"176",1940,8,32824,0.0219246814239482,17390,0.00360197272357102
"177",1940,9,33327,0.023903301906544,17390,0.00979434720314549
"178",1940,10,34001,0.0303728765095005,17390,0.00512002848857389
"179",1940,11,34975,-0.0161150456292147,18114,0.0174786022451805
"180",1940,12,34097,0.00708281713751361,18114,0.0053685187702937
"181",1941,1,34189,-0.041707244751609,18114,-0.0174483207800044
"182",1941,2,32729,-0.0143071443355531,18114,-0.000991827308512752
"183",1941,3,32075,0.00843815851436966,18114,0.00768573059507011
"184",1941,4,32170,-0.0545673893607399,19229,0.0127542330294919
"185",1941,5,30368,0.0138508405822712,20252,0.00198222993743828
"186",1941,6,30555,0.0582960898973888,20252,0.00683360515026664
"187",1941,7,32125,0.0589232488122947,21700,0.00410754648942857
"188",1941,8,33985,-0.00175137730059965,21700,-0.00116694089056682
"189",1941,9,33747,-0.00873391616269954,21700,-0.0010857576633871
"190",1941,10,33303,-0.0525178734971203,21700,0.00937300790202304
"191",1941,11,31509,-0.0192277093092403,24416,-0.00184893700315367
"192",1941,12,30498,-0.0487956073203125,24416,-0.0167811565725754
"193",1942,1,28843,0.00792342297744675,24926,-0.00025876875579716
"194",1942,2,29027,-0.0245952470210075,25940,-0.00266364437287972
"195",1942,3,28125,-0.0658037910514405,27440,0.0130563957821939
"196",1942,4,26106,-0.0437218456157694,27440,-0.0018823179064395
"197",1942,5,24927,0.0594695312126387,27440,0.00601717963963921
"198",1942,6,26229,0.0269403464461914,28732,-2.86207198385076e-05
"199",1942,7,26736,0.0351187787049341,28732,0.000666895595771265
"200",1942,8,27616,0.0179399150036525,32947,0.00122710484445018
"201",1942,9,27956,0.0260652288666405,32947,-0.000216086033432483
"202",1942,10,28522,0.0681214944259121,32947,0.0023364216046074
"203",1942,11,30410,0.00148044186110431,34909,-0.000917328848660804
"204",1942,12,30154,0.0512229174795129,34909,0.00261703608727835
"205",1943,1,31458,0.0712840025160788,40800,0.00396267646832353
"206",1943,2,33676,0.0614800757992768,40800,0.00125141216470098
"207",1943,3,35608,0.0601574924951719,40800,0.000828059116909314
"208",1943,4,37568,0.00813669813446571,40800,0.00514298254482108
"209",1943,5,37794,0.0573426102953054,40800,0.00724050855041912
"210",1943,6,39779,0.0181915897699736,49501,0.00386677076111594
"211",1943,7,40337,-0.0476828098456249,49501,-0.000347518122894487
"212",1943,8,38809,0.0131637198103599,52208,0.000352038040214143
"213",1943,9,39212,0.0239840407893115,52208,0.00223108712791526
"214",1943,10,39978,-0.0114626873354264,52208,0.000871270964325391
"215",1943,11,39597,-0.0590761266428567,64032,-0.000340571659368753
"216",1943,12,36815,0.0636174083725929,64032,0.00169341135581897
"217",1944,1,38935,0.0173713095920777,64032,0.00173136115215517
"218",1944,2,39792,0.0036873055968971,64032,0.00382582277669447
"219",1944,3,39769,0.0246767720765979,73051,0.00116446552783398
"220",1944,4,40559,-0.0168674803096794,76799,0.00146446966820922
"221",1944,5,39800,0.0505915934547373,76799,0.00181120326084715
"222",1944,6,41596,0.0549385387024629,76799,0.00157730475142645
"223",1944,7,43714,-0.014881685822553,76799,0.00241110660647925
"224",1944,8,43069,0.0157135998250762,82624,0.00268867057184837
"225",1944,9,43568,8.4693168349282e-05,82624,0.000219100027127711
"226",1944,10,43441,0.00156856125171309,82624,0.000929709997138846
"227",1944,11,43470,0.0171767096901089,82624,0.00177016981035534
"228",1944,12,43775,0.0403362247884465,82624,0.00328054676713546
"229",1945,1,45886,0.0201291372549943,86791,0.00876544946934705
"230",1945,2,46882,0.0622679206874855,95453,0.00502229767119839
"231",1945,3,49593,-0.0389497303242579,95453,0.00143281972826627
"232",1945,4,47434,0.0779534196881604,95453,0.0048883949868595
"233",1945,5,51188,0.0173492134867025,95453,0.000983116285360335
"234",1945,6,52020,0.00386834224686836,95453,0.0053733980957885
"235",1945,7,52081,-0.0217006022409819,95453,-0.000835936898705122
"236",1945,8,50935,0.0620792152929605,111272,-0.000130172899241498
"237",1945,9,53903,0.0476614525143575,111272,0.00186320857186893
"238",1945,10,56324,0.0389057509506007,111272,0.0039202941696141
"239",1945,11,58552,0.053883379031322,111272,0.00374935380496082
"240",1945,12,61285,0.0119620443813327,111272,0.00536304635307355
"241",1946,1,62862,0.0624130095322386,126260,0.0116985321402447
"242",1946,2,67168,-0.0582378657784615,126260,0.00692124408364407
"243",1946,3,63133,0.0587178153396314,126260,0.00142787626620228
"244",1946,4,66781,0.0422478066308313,126260,-0.0106997262495565
"245",1946,5,69674,0.0393393035127694,126260,0.00272242850421274
"246",1946,6,72521,-0.0388785847320054,129034,0.00338488843285878
"247",1946,7,69565,-0.0269183018429127,131951,-0.00348846168115755
"248",1946,8,68013,-0.0644134264348071,133174,-0.00148577170028534
"249",1946,9,63453,-0.10165582053207,135515,-0.00259961119584548
"250",1946,10,56887,-0.0143540447623257,136954,0.00433707604192503
"251",1946,11,56017,-0.000171160700445725,138731,-0.00273854913275476
"252",1946,12,55662,0.0495975705128675,142004,0.00602204282557181
"253",1947,1,58447,0.0125131559162386,145136,0.00200784985976601
"254",1947,2,59255,-0.0107765763151253,149083,0.00189076666906287
"255",1947,3,58293,-0.0167204556315131,151224,0.00230138025014746
"256",1947,4,57258,-0.0479818176602872,151224,-0.000381660248431654
"257",1947,5,54483,-0.00974973386201384,150771,0.00138190049219412
"258",1947,6,53647,0.0528657412443137,147854,-0.00128432590663763
"259",1947,7,56400,0.0413312627520372,143293,0.00107701411902186
"260",1947,8,58744,-0.0174197719985038,148809,0.00315458033813345
"261",1947,9,57644,-0.00500372653413846,144338,-0.00018424542068201
"262",1947,10,57193,0.024775408257745,149452,-0.00539493613865254
"263",1947,11,58534,-0.0196930219107028,150919,-0.00351754900362777
"264",1947,12,57022,0.0299730729019829,143813,-0.00554608369999639
"265",1948,1,58780,-0.0392708645953781,149937,0.000741164612009044
"266",1948,2,56528,-0.043769242707158,146038,0.0015521835376943
"267",1948,3,53802,0.0807034068130593,147888,0.00178673890647179
"268",1948,4,57920,0.0364322165847907,146980,0.00107159470477004
"269",1948,5,60096,0.073132025642094,145203,0.00486741363052279
"270",1948,6,64214,-0.000965015185049598,140367,-0.00321754699631395
"271",1948,7,63913,-0.0506915452903685,146150,-0.000675779453433459
"272",1948,8,60656,0.00240310837867807,146150,8.27670575805679e-05
"273",1948,9,60495,-0.0301793394502625,135043,0.000340548982455218
"274",1948,10,58433,0.0596321443784845,145173,0.000725021765394639
"275",1948,11,61786,-0.0935858519525333,148977,0.00191964014939622
"276",1948,12,55456,0.0320835413149283,146587,0.00227156265167853
"277",1949,1,57108,0.00230717306996638,145223,0.00238497157700089
"278",1949,2,57287,-0.0292517982955199,147678,0.00149373004446363
"279",1949,3,55402,0.0403853817030022,146952,0.00146289037989752
"280",1949,4,57400,-0.0186506768171758,151644,0.000425856726177758
"281",1949,5,56330,-0.0295732284485094,146639,0.000788280480738412
"282",1949,6,54425,0.00098757400952802,140534,0.00566908267180398
"283",1949,7,54166,0.0554054414666452,145559,0.00269333409724236
"284",1949,8,57245,0.0260320153926347,150454,0.00308400731667885
"285",1949,9,58401,0.0309142466653821,144016,0.000527573626499139
"286",1949,10,60300,0.0314236042877678,151561,0.000637420306817717
"287",1949,11,62115,0.0182440461020628,150161,0.00105881761605477
"288",1949,12,62529,0.051238973919013,140868,0.00238352531837252
"289",1950,1,65942,0.0169882636728593,148081,-0.00295756530458405
"290",1950,2,67232,0.0147387181118814,145730,-0.000763853259650038
"291",1950,3,67878,0.0126663960362573,141475,-0.00129710650849479
"292",1950,4,68778,0.0394163685057815,146167,-0.00118951634715223
"293",1950,5,71446,0.0430254445668294,144434,0.00024762541060069
"294",1950,6,74210,-0.0592616367026967,140642,-0.001581183870063
"295",1950,7,69538,0.0136255375374028,151015,0.0010360681239996
"296",1950,8,70560,0.0485314199485409,149516,7.70203881357446e-05
"297",1950,9,73399,0.0480396080187295,137347,-0.00219887136874486
"298",1950,10,76773,-0.00183829021096301,147532,-0.00134729937216333
"299",1950,11,76714,0.0275686955895253,148231,0.000264122195756623
"300",1950,12,77633,0.0554012920312698,140525,0.000134932091372354
"301",1951,1,82742,0.0569892296377573,146377,0.00109547107097017
"302",1951,2,87569,0.0140993858813132,147077,-0.000775756950592547
"303",1951,3,88484,-0.0215206748583447,147386,-0.00882977749150123
"304",1951,4,86702,0.0486206970593215,149480,-0.00478127024369414
"305",1951,5,91011,-0.0233539221648677,134396,-0.00152540237693756
"306",1951,6,88432,-0.0262139387246704,123725,0.000498376214406951
"307",1951,7,86281,0.0693989167430437,126881,0.00330565291793649
"308",1951,8,92262,0.0428072175400551,133810,0.00523104541185337
"309",1951,9,95570,0.00700340946346086,132840,-0.00433126402587097
"310",1951,10,96016,-0.0252438269835459,120834,-0.00013101636479716
"311",1951,11,93506,0.00566667458399986,136583,-0.00163307418569002
"312",1951,12,93511,0.0332231952491431,135609,-0.0027294934975186
"313",1952,1,98118,0.0145922059363738,137678,0.00273207718080231
"314",1952,2,99668,-0.0262481632597606,136755,-0.000301993628523271
"315",1952,3,96479,0.0443797666922726,135888,0.00384085739930384
"316",1952,4,100749,-0.0497449928342584,134487,0.00533479327848417
"317",1952,5,95755,0.0319574743195684,137112,-0.000309206170183499
"318",1952,6,98306,0.038298117674867,131342,-0.00172370480332887
"319",1952,7,101947,0.0090812374491943,138548,-0.00201956253676704
"320",1952,8,102946,-0.00763746036830743,136458,-0.0028561977784703
"321",1952,9,101538,-0.0202967009994511,126859,-0.00394977572912683
"322",1952,10,99490,-0.00648645274889455,137770,0.00456144092966974
"323",1952,11,98695,0.0594049368003089,140227,-0.000344005569435986
"324",1952,12,103765,0.0291688555211199,142382,-0.00179647073767119
"325",1953,1,108488,-0.00339511495817625,142773,-0.000234644832840943
"326",1953,2,108236,-0.00272215788957589,134205,-0.00311910853826385
"327",1953,3,107343,-0.0143417936352535,139743,-0.0023925210530438
"328",1953,4,105594,-0.028282702448759,140149,-0.00573358533080864
"329",1953,5,102766,0.00520700913313879,135658,-0.00772108012768064
"330",1953,6,103005,-0.018863893671009,139243,0.00847058521350373
"331",1953,7,100894,0.0240616260965049,141722,0.00268746155733902
"332",1953,8,103302,-0.0451519733799721,144770,0.000202483558881674
"333",1953,9,98056,0.0021626495733106,137408,0.0111338971832666
"334",1953,10,97988,0.0459675606571258,146658,0.00354211902051439
"335",1953,11,102411,0.0282517169865908,136225,-0.000941351414698477
"336",1953,12,104571,0.00053067255392702,147014,0.00739325496033711
"337",1954,1,106086,0.0513241400518552,148527,0.00563609353344375
"338",1954,2,111558,0.0166900861289041,140437,0.00513509814923489
"339",1954,3,112697,0.0365294039735756,140786,0.00285115705920404
"340",1954,4,116450,0.0427442982603053,144176,0.0048047891470758
"341",1954,5,121491,0.0309489185045333,140160,-0.0062133196423359
"342",1954,6,124573,0.0107599035609922,142737,0.0062433562848953
"343",1954,7,125583,0.0499335098699121,144281,0.00166969064922755
"344",1954,8,131807,-0.0234089427118203,143724,-0.00178408287573613
"345",1954,9,127823,0.0639423041222583,147873,-0.000723800008015662
"346",1954,10,135723,-0.0167172827979673,147909,-0.000944924245828854
"347",1954,11,133358,0.0937550080510644,150597,-0.00150001120767933
"348",1954,12,144624,0.0549215296719016,134747,-0.000462857380846327
"349",1955,1,156482,0.006044758220754,151767,-0.00479228320060092
"350",1955,2,157341,0.0301679282261516,144788,-0.00437964044325013
"351",1955,3,161641,-0.00147875044588056,145720,0.00172106779798518
"352",1955,4,161017,0.0310835512806455,147281,-0.00171711582060076
"353",1955,5,166125,0.0093319351080623,145129,0.00211440394661921
"354",1955,6,166819,0.0656527147775979,149157,-0.00358309339605852
"355",1955,7,177121,0.0189778906307304,149169,-0.00627278181504468
"356",1955,8,181115,0.00210251426552192,142577,0.000479270189353121
"357",1955,9,180892,-0.00365383122434598,152938,0.00447373224187187
"358",1955,10,179595,-0.0267533342837178,153056,0.00322262840742212
"359",1955,11,175125,0.0703167843304901,154525,-0.00454864460275036
"360",1955,12,186333,0.0148808893734188,143926,-0.00129235291688159
"361",1956,1,193170,-0.0304126479685679,155227,0.00533464356256772
"362",1956,2,187548,0.0377615554138673,156918,-0.00105452158422233
"363",1956,3,194136,0.0663660164988584,143747,-0.00851765803480421
"364",1956,4,207597,0.00280681911927347,153085,-0.00300444579346093
"365",1956,5,208374,-0.051950182906696,151592,0.00760922563673017
"366",1956,6,196883,0.034766649422172,148731,-0.000245591968774499
"367",1956,7,203434,0.0488858465273112,147131,-0.0081611638690378
"368",1956,8,213560,-0.0318138688604618,147705,-0.00772988627743001
"369",1956,9,205905,-0.0513635877984019,149913,0.0021558617060295
"370",1956,10,195911,0.00517291432339059,148310,-0.00234648673526667
"371",1956,11,196862,0.00361764822740422,142472,-0.00394820101403434
"372",1956,12,196530,0.0315031252544157,151274,-0.0050466657319698
"373",1957,1,206654,-0.035663590602057,152341,0.0140025607370839
"374",1957,2,199841,-0.0206449049179131,145137,-0.00381233839234172
"375",1957,3,195558,0.0212657236735527,149639,0.00112553590894954
"376",1957,4,199773,0.0423904305218554,151805,-0.00603418604539771
"377",1957,5,208916,0.0344736135736946,148793,-0.0044262809028543
"378",1957,6,216169,-0.00744132452240472,148828,-0.00787359467968595
"379",1957,7,214600,0.00661666120118875,138475,0.000169578868581332
"380",1957,8,216803,-0.0511314265962023,135826,0.00239593818823642
"381",1957,9,205356,-0.0597966951172228,151249,-0.00241835425804931
"382",1957,10,193001,-0.0428649029670006,153849,0.000913336308518743
"383",1957,11,185170,0.0229872849151499,145142,0.0244622092507365
"384",1957,12,189202,-0.0390469036590915,155466,0.0109591089424961
"385",1958,1,184098,0.0471529427818624,154311,0.00238425876432788
"386",1958,2,192769,-0.0151942160225085,146726,0.00756662443992058
"387",1958,3,188840,0.032733451562031,154103,0.00431598725326438
"388",1958,4,195220,0.0308401827409919,153156,0.00391526759466949
"389",1958,5,201216,0.0231258321644856,158856,0.00297198679815053
"390",1958,6,204990,0.0292641802129241,149494,-0.00671752956651906
"391",1958,7,210306,0.0439423400000167,146606,-0.00720763416949306
"392",1958,8,219069,0.0190331606388145,147777,-0.0257228147335918
"393",1958,9,222186,0.0466420776457824,158464,-0.00244564441048819
"394",1958,10,232073,0.0256919042384911,160821,0.00134615644602508
"395",1958,11,238083,0.0300632146377665,155215,0.00612680200444674
"396",1958,12,244708,0.0515244479230692,165818,-0.00751255381288943
"397",1959,1,263460,0.00713174320332243,168453,-0.00282644822682172
"398",1959,2,266284,0.0094739508844748,157817,0.00536773456847805
"399",1959,3,268166,0.00282128771685196,167464,-0.00413754803234844
"400",1959,4,268683,0.0366211937273288,172187,-0.00592681806895468
"401",1959,5,279109,0.0172875915800829,168042,-0.00125935993459135
"402",1959,6,283802,-0.00253559932386179,169782,-0.00286613163606213
"403",1959,7,283287,0.0320958159493534,158042,0.00142988035173878
"404",1959,8,292752,-0.0138591885153096,177179,-0.00676553646425141
"405",1959,9,288069,-0.0478704785359333,175020,-0.000346249636247286
"406",1959,10,274576,0.0128083749586104,176937,0.0069850298626692
"407",1959,11,278699,0.015993880436278,172720,-0.0043853701326899
"408",1959,12,282685,0.0253465567685614,179359,-0.00589788639719167
"409",1960,1,294408,-0.0698124266786024,179992,0.00716709528743222
"410",1960,2,274640,0.0116864955075372,172252,0.0035184999417522
"411",1960,3,277965,-0.0161163748880622,176289,0.0173177288621485
"412",1960,4,273845,-0.0170555484881856,177364,-0.00606732529150786
"413",1960,5,269591,0.0312174682790275,173066,0.00348654674327771
"414",1960,6,277758,0.0212485306517958,177090,0.0121112429996951
"415",1960,7,283651,-0.0236538337557194,176022,0.0151956420462993
"416",1960,8,277135,0.0301243458809551,169627,-0.00164535430290991
"417",1960,9,284897,-0.0599102417068633,178141,0.00109434583180009
"418",1960,10,268258,-0.00706392133051494,180285,-0.0011639382200832
"419",1960,11,266624,0.0469643710995478,172001,-0.00534940574117011
"420",1960,12,277750,0.0471391840339464,182637,0.0128615021968353
"421",1961,1,294776,0.0619692667173274,180297,-0.00498344540816375
"422",1961,2,313603,0.0354489622125775,176063,0.00435542305785656
"423",1961,3,323988,0.0288770550265531,179668,2.03491351826726e-06
"424",1961,4,334707,0.00289900350326915,184971,0.00339569653756102
"425",1961,5,336481,0.0240439434954374,172701,-0.00131684777182471
"426",1961,6,343411,-0.0307629598277314,179017,-0.00413711952640978
"427",1961,7,333348,0.0283242500538279,168867,0.000408241758100754
"428",1961,8,344596,0.025798687068885,184197,-0.00131753676967866
"429",1961,9,352555,-0.0214596720465708,181313,0.00400660973009657
"430",1961,10,345351,0.0256986652043951,182092,0.00156184164863036
"431",1961,11,355030,0.0444286293126056,181501,-0.00126370786098809
"432",1961,12,369688,-0.00173719037570079,187702,-0.00161387979101928
"433",1962,1,372023,-0.0386807297441925,182514,-0.000457755627990181
"434",1962,2,358754,0.0181076505940451,175610,0.00484151466406754
"435",1962,3,365425,-0.00681592342491435,184437,0.00609087559819396
"436",1962,4,363292,-0.0658661225388892,184391,0.00284669698079407
"437",1962,5,340096,-0.0863623228118632,178216,-0.000542145717120797
"438",1962,6,310052,-0.084711670763032,184656,-0.00411298276836195
"439",1962,7,282519,0.062698536061685,182533,-0.00158742232415782
"440",1962,8,323511,0.0214350119342133,178546,0.00615204586876603
"441",1962,9,329466,-0.0521652680882448,186970,0.00206420624817136
"442",1962,10,312629,-0.00050856474054261,186328,0.00260033929916169
"443",1962,11,312459,0.10864814566096,180221,0.000542205400367882
"444",1962,12,344895,0.0099323119741263,189305,0.000386575916023348
"445",1963,1,350084,0.0493314595764904,189467,-0.000100556478210981
"446",1963,2,367917,-0.0238452684863644,183159,-0.000348959517058949
"447",1963,3,358327,0.0308055100581655,190227,-0.00016548568135701
"448",1963,4,369891,0.0449690184492572,188093,-0.000853832505243151
"449",1963,5,387685,0.0175562660090843,182547,-0.000523332121576361
"450",1963,6,393598,-0.0200207025055875,191123,-0.000386075031956907
"451",1963,7,386280,-0.0040131339030021,188927,-0.00112289187802008
"452",1963,8,385320,0.0506936495014963,185071,-0.000584702233525512
"453",1963,9,404344,-0.01556996285164,193251,-0.000193871274949677
"454",1963,10,398607,0.0253864087095361,189566,-0.00220530351649821
"455",1963,11,409159,-0.00847862647999921,186405,0.000147797565614657
"456",1963,12,401014,0.0181204291273374,193079,-0.00179626494242875
"457",1964,1,412668,0.0224839461799502,192097,0.000956662283704066
"458",1964,2,425322,0.0154251828846804,190034,-0.00141254769468043
"459",1964,3,432400,0.0139022376024819,194670,-0.00189118285529049
"460",1964,4,439454,0.00105422205297256,193411,0.00199820448101246
"461",1964,5,442919,0.0141650578323566,187121,0.00241948998492312
"462",1964,6,448062,0.0125575055639222,194576,0.00230131680682972
"463",1964,7,454688,0.0175979692765493,192872,0.000531218175040441
"464",1964,8,464519,-0.0143549801859181,191846,-0.000819283532347821
"465",1964,9,456928,0.02703693957713,194282,0.000729438872790068
"466",1964,10,470428,0.00590623383442064,195427,0.000237721906759046
"467",1964,11,473796,-4.61871976679801e-05,190190,-0.00183789241788212
"468",1964,12,470283,0.00040118053272283,198723,0.00161374922059752
"469",1965,1,475686,0.0353242846560995,201557,0.000792208560771891
"470",1965,2,493643,0.00424057450526607,201716,-0.0016043772510956
"471",1965,3,495415,-0.013291506267067,198962,0.000927793023356721
"472",1965,4,491140,0.0310500085828215,199456,0.000219091704179869
"473",1965,5,507845,-0.00791807591470774,193203,-0.000497263508240038
"474",1965,6,504140,-0.0548813335448104,194672,0.00129603050208967
"475",1965,7,477506,0.0142371039017132,196876,-0.000915005171551129
"476",1965,8,485226,0.0272769183210671,188380,-0.00272772630532753
"477",1965,9,497736,0.0285976657730159,195069,-0.00350381653715762
"478",1965,10,512695,0.0257238101349491,197206,-0.00114623857740637
"479",1965,11,527450,-6.50275627386704e-05,189732,-0.00163765897721787
"480",1965,12,525061,0.0103105283238843,201969,-0.00817330996176789
"481",1966,1,536917,0.0073027194701378,204163,-0.00160914330987985
"482",1966,2,542770,-0.0120579476828096,202422,-0.00775615329254775
"483",1966,3,535694,-0.0250879677840851,201875,0.00950284979886464
"484",1966,4,522971,0.0211830587390146,204086,-0.00234611746301314
"485",1966,5,535419,-0.0565520272944659,192626,-0.00278375137182416
"486",1966,6,505520,-0.0143078586168575,197205,-0.00319867796868436
"487",1966,7,499868,-0.016556841939207,198394,-0.00310349555850681
"488",1966,8,493395,-0.0790919566519634,186933,-0.00962782769945221
"489",1966,9,454187,-0.0104486516922085,199009,0.00926636735435433
"490",1966,10,450059,0.0387412634350836,200647,0.00414804308463919
"491",1966,11,468954,0.0140356818161718,198286,-0.00315237718136026
"492",1966,12,474544,0.00173760452144838,202326,0.0142276709395204
"493",1967,1,481205,0.081859304302882,205552,0.00602062783873716
"494",1967,2,522126,0.0076190982611334,198919,-0.00641134124434519
"495",1967,3,526314,0.0401665417711563,204590,0.00899295070144924
"496",1967,4,548456,0.0388011234907861,208842,-0.00724409433744266
"497",1967,5,570983,-0.0428464701478897,196699,-9.94343619667615e-05
"498",1967,6,544579,0.0242051387018846,197302,-0.0132094543047998
"499",1967,7,557590,0.045835643820141,199502,0.00442630300498491
"500",1967,8,583905,-0.00903894953780263,191882,-0.00391891802648034
"501",1967,9,577238,0.0310799127089818,206730,-0.000799447655033135
"502",1967,10,594275,-0.0305750511267159,203969,-0.00878063651221509
"503",1967,11,578582,0.0037543369918421,200366,-0.00177061104770071
"504",1967,12,580044,0.030278286083769,214735,0.0013037371409556
"505",1968,1,610416,-0.040217797335633,211923,0.00877382396530863
"506",1968,2,585944,-0.0374246978025091,213397,-0.00124197531791918
"507",1968,3,563947,0.00196628362834407,219305,-0.00543188750017555
"508",1968,4,565720,0.0905462760119724,213245,-0.000333937069622453
"509",1968,5,617973,0.0225710239409715,206375,-0.000460850733709509
"510",1968,6,632930,0.0068178376260578,214021,0.0058715644841081
"511",1968,7,639514,-0.0268350283700904,211291,0.00807187921135354
"512",1968,8,623643,0.0132726705784076,208708,-0.000736685118447783
"513",1968,9,634263,0.0405783942625479,220359,-0.00175412071517161
"514",1968,10,661254,0.00427810393589258,218316,-0.00365636965259532
"515",1968,11,665579,0.0540740343196424,213993,-0.0048988493843322
"516",1968,12,703236,-0.0392706362367054,219606,-0.0129126511406159
"517",1969,1,697213,-0.0122523619478067,222694,-0.000668087170624265
"518",1969,2,691901,-0.0584471516709188,211131,-0.00412082586956108
"519",1969,3,653247,0.0265814696745823,210113,-5.98223609015146e-05
"520",1969,4,672552,0.0150600208086232,216790,0.00575052887886849
"521",1969,5,688435,-0.0012125253360063,213579,-0.0115822941241372
"522",1969,6,687482,-0.0718797486885201,211547,-0.00504833246414117
"523",1969,7,641129,-0.0703303603345394,210090,0.000309533572058642
"524",1969,8,600214,0.0460278535385962,212697,-0.003926891748925
"525",1969,9,629720,-0.029418617889423,206556,-0.0183228599929888
"526",1969,10,614885,0.0508134957647449,207825,0.0145715141625589
"527",1969,11,649661,-0.0382416552531001,221463,-0.00812888813063446
"528",1969,12,626136,-0.0257089814294339,218488,-0.0107398868736402
"529",1970,1,622574,-0.0806910674313974,220570,0.00128105434497983
"530",1970,2,575921,0.051290176312412,217447,0.0206587945019996
"531",1970,3,608606,-0.0103727643647132,215402,0.00041977524045877
"532",1970,4,604803,-0.110256489375983,217710,-0.0150433577853162
"533",1970,5,540255,-0.0694734455521853,203481,-0.00309848194779906
"534",1970,6,502780,-0.0576013267634173,214605,0.00789424293161622
"535",1970,7,475975,0.0695367640063861,215441,0.00772843644884214
"536",1970,8,513959,0.045113609100863,217136,0.000564540114536511
"537",1970,9,537454,0.0421568375081819,221298,0.00785211029509666
"538",1970,10,562620,-0.0231110282851844,221873,0.00181633196266423
"539",1970,11,551575,0.0460504182843112,219965,0.0231755407581356
"540",1970,12,577625,0.0577398764172524,227085,-0.000482643445787701
"541",1971,1,621371,0.0483795163705494,231648,0.011308340919992
"542",1971,2,653333,0.0139647910047005,225359,0.00538753182933586
"543",1971,3,661654,0.0413249165436923,226455,0.0108900832398415
"544",1971,4,691084,0.0315187825832835,223014,-0.0172635559476073
"545",1971,5,714554,-0.0400468383472181,218492,-0.00293898735249529
"546",1971,6,686669,-0.00068144748963043,218273,-0.0123130430510938
"547",1971,7,686487,-0.0451774154936492,221724,-0.000822442832998232
"548",1971,8,659044,0.0381282697792971,221040,0.0203645747680972
"549",1971,9,685266,-0.0084627021237096,227212,0.00317264765381626
"550",1971,10,681779,-0.0443815850987946,232683,0.00764283752795821
"551",1971,11,653529,-0.00439517403523301,223379,-0.000922652248530524
"552",1971,12,651033,0.0875072681154323,236078,0.00557677133903329
"553",1972,1,723960,0.0248770703495526,244464,-0.00227081110635472
"554",1972,2,744660,0.0284850385028347,235965,0.0033860278075757
"555",1972,3,766011,0.00639754980497289,239715,-0.00677294148613187
"556",1972,4,772386,0.00280102135326716,239697,0.00564821260182981
"557",1972,5,776703,0.0126262474096014,232428,0.00463219460949498
"558",1972,6,786260,-0.0241695685559489,234588,-0.00440779806165064
"559",1972,7,769549,-0.00794208821970899,239433,0.00430603652495688
"560",1972,8,765647,0.0324842344884352,231632,-0.00323049606272579
"561",1972,9,791674,-0.0114947504196635,239275,-0.000824972582766273
"562",1972,10,785608,0.00526560094133612,233561,0.00239083568536913
"563",1972,11,792554,0.0459401724155229,237106,0.00375038079074591
"564",1972,12,828815,0.00573058680237955,243807,-0.00417950454338596
"565",1973,1,977874,-0.0328848295875126,245305,-0.00622471195759768
"566",1973,2,950200,-0.048553984101002,241389,-0.00424663923501112
"567",1973,3,904016,-0.0134310083880631,246898,-0.00281376211285592
"568",1973,4,895316,-0.0565816745462854,247300,0.0029815121692689
"569",1973,5,848279,-0.0294992895697939,232368,-0.00215746006898583
"570",1973,6,823685,-0.0158826276166629,241852,-0.00410086446403131
"571",1973,7,813791,0.0502821360342123,237794,-0.0185047089155181
"572",1973,8,858275,-0.0380641585419938,231594,0.0103729993342535
"573",1973,9,826969,0.0475329233454843,243609,0.013123364914951
"574",1973,10,872318,-0.0086133316271529,238777,-0.000371030976386754
"575",1973,11,869685,-0.127467994256732,238950,-0.00051705751764637
"576",1973,12,758937,0.0067840218747458,246698,-0.00382093214425938
"577",1974,1,765794,-0.00162002245484562,249111,-0.00101821768547033
"578",1974,2,767782,-0.00468449144894031,243614,-0.0023548462080763
"579",1974,3,764283,-0.0282373420423785,250413,-0.0142333912008039
"580",1974,4,745711,-0.0533105863525546,245548,-0.00918617624647849
"581",1974,5,710416,-0.0465895583422967,237994,0.0044310018271511
"582",1974,6,678581,-0.0291433101010094,244060,-0.0032298513461997
"583",1974,7,661464,-0.0801776144286629,240479,-0.00295263852534317
"584",1974,8,611180,-0.0934215509919045,235572,-0.00510291799274956
"585",1974,9,552959,-0.11759555126008,247039,0.0106366745211517
"586",1974,10,490933,0.160803027599565,246588,0.00482743177684559
"587",1974,11,570834,-0.044792090392291,244695,0.00781113002016551
"588",1974,12,546153,-0.0345028003272933,249593,0.00417672165701202
"589",1975,1,531640,0.137086112518143,256488,0.0064567773296314
"590",1975,2,606854,0.0555684571742957,258357,0.00509109652197657
"591",1975,3,640283,0.0266875359466593,268175,-0.00424502692105677
"592",1975,4,663981,0.0421435824884389,272703,-0.00792152958473688
"593",1975,5,694960,0.0514121848098722,271133,0.0105123264234379
"594",1975,6,731492,0.0485595869820311,287894,-0.000674441662219776
"595",1975,7,768911,-0.065868213361583,289560,-0.00339121662593038
"596",1975,8,720765,-0.0284906017095873,292943,-0.000675369279210972
"597",1975,9,700205,-0.0429099065419183,301804,-0.00641457545129356
"598",1975,10,672057,0.053416215596415,309210,0.0152072486638116
"599",1975,11,710185,0.0264117896858846,322285,-0.00218779513642801
"600",1975,12,728951,-0.0162661425018306,325016,0.00782904924457104
"601",1976,1,719349,0.121793274397608,330101,0.0046578360431165
"602",1976,2,809752,0.0031344272340887,333101,-0.000614837516947112
"603",1976,3,812814,0.0228982351038614,344638,0.0041183427704371
"604",1976,4,833743,-0.0150850142402606,347871,0.000881865961802794
"605",1976,5,824944,-0.0138088642605789,349131,-0.0074181040770811
"606",1976,6,813302,0.040361069660215,350958,0.00615687381603782
"607",1976,7,848898,-0.0103477486508332,360016,0.00397895584461385
"608",1976,8,837879,-0.00613157867630376,353761,0.0051426193419888
"609",1976,9,832090,0.0210759785629666,371451,0.00440856361955601
"610",1976,10,855753,-0.0242323584192481,379238,0.00389184834426481
"611",1976,11,838628,0.00309072930821027,368645,0.0106724251928259
"612",1976,12,841997,0.056970970134149,381888,0.00287088408230293
"613",1977,1,891592,-0.0403142913528223,394224,-0.0143761326545479
"614",1977,2,856075,-0.0193978524992353,389172,0.000829402317023064
"615",1977,3,838468,-0.0136790381608775,397925,0.00247888296378991
"616",1977,4,830568,0.00113116134594595,401450,0.00036546226054079
"617",1977,5,835376,-0.0146681394372094,386774,0.00163432247547586
"618",1977,6,821046,0.047392799869737,398664,0.00537966051039321
"619",1977,7,863313,-0.0165596512130225,402884,-0.00498078676202505
"620",1977,8,851490,-0.01807046062196,391371,0.00238949276862057
"621",1977,9,835286,-0.00268758511468729,405214,-0.00234314435428698
"622",1977,10,835497,-0.0438566831113225,414279,-0.00474616697125391
"623",1977,11,800703,0.0399881326391114,409901,0.00226290366335091
"624",1977,12,830753,0.00283771976962615,421508,-0.0036366194541036
"625",1978,1,838782,-0.0604624748045387,425566,-0.00310847011461066
"626",1978,2,788619,-0.0141212212616029,424497,-0.000943437142809725
"627",1978,3,775040,0.0287187714498247,433191,-0.000713799169007435
"628",1978,4,798206,0.078354091747705,440465,-0.00205475801035724
"629",1978,5,864386,0.0173839583019834,426919,-0.00332001713225061
"630",1978,6,875708,-0.0168763635557494,439655,-0.00424863453132433
"631",1978,7,864635,0.0510213037755799,448843,0.0029084566598559
"632",1978,8,911739,0.0374421688477841,438695,0.00314714471570658
"633",1978,9,944666,-0.0140442779358254,456671,-0.00329482184057144
"634",1978,10,936510,-0.119698065526542,450419,-0.012222827824227
"635",1978,11,828575,0.0271748478408595,448255,0.00124030714078705
"636",1978,12,850798,0.0092354700326944,460937,-0.00830839603559988
"637",1979,1,867452,0.0420660559741449,452728,0.00701859989744482
"638",1979,2,906648,-0.0354420675110852,455972,-0.0049273747853491
"639",1979,3,872528,0.0558890362250589,456922,0.000882959436516079
"640",1979,4,925892,-0.00112148363774678,463188,-0.00358808500194608
"641",1979,5,928425,-0.0216707360691553,464128,0.0065007076508056
"642",1979,6,908080,0.0386718846900142,473481,0.00735367629821028
"643",1979,7,947831,0.0074952656162013,462961,-0.00676506828553442
"644",1979,8,960801,0.0554011630953573,462799,-0.00693091352055368
"645",1979,9,1014840,-0.00752805028497251,476298,-0.00687830203446918
"646",1979,10,1012186,-0.0817537679995303,468925,-0.0328139857670802
"647",1979,11,935948,0.0520797076645298,469079,0.0143275509819743
"648",1979,12,988526,0.0171682752884515,479971,-0.00256437220803569
"649",1980,1,1018293,0.054974264553484,492985,-0.0149982157557147
"650",1980,2,1074578,-0.0139850317967296,493342,-0.0401341461111969
"651",1980,3,1060934,-0.128875404978468,502678,-0.00164691164678164
"652",1980,4,934381,0.0393577833980778,500362,0.0566075609570215
"653",1980,5,982864,0.052676161201417,510429,0.0212710116807374
"654",1980,6,1035773,0.0304204141594845,515016,0.00631104545216071
"655",1980,7,1072983,0.0649160149212092,525178,-0.0120642145837674
"656",1980,8,1149034,0.0184921745561261,533420,-0.0226877400637132
"657",1980,9,1170845,0.020730393484443,535718,-0.0102851248593753
"658",1980,10,1206985,0.0112901805441383,549559,-0.0138243895156814
"659",1980,11,1227584,0.096586038553174,555927,-0.00656577743851531
"660",1980,12,1348360,-0.0459306953743778,549524,0.00896262163497481
"661",1981,1,1314123,-0.0499479521109097,572112,-0.00532066875151368
"662",1981,2,1259722,0.0057190340796691,583509,-0.0136975346503569
"663",1981,3,1270464,0.0345133417392643,592513,0.00906311246174059
"664",1981,4,1330324,-0.0217435578269567,603233,-0.02406289354379
"665",1981,5,1316343,0.0019795034467557,612017,0.00937151369828273
"666",1981,6,1326723,-0.0250972412539627,600001,-0.00592391947740354
"667",1981,7,1312897,-0.0149000318240202,611256,-0.0182559910273089
"668",1981,8,1307840,-0.0700905549908543,617401,-0.0174318228609748
"669",1981,9,1225579,-0.0717694418407636,621116,-0.00411381229915282
"670",1981,10,1140985,0.0495713713965146,632452,0.0271832974488276
"671",1981,11,1206773,0.0331996768322279,639650,0.0423421284062592
"672",1981,12,1257916,-0.0362912083860648,645197,-0.023691072727738
"673",1982,1,1224602,-0.0317175400135037,673294,-0.0024726185305348
"674",1982,2,1192169,-0.0584518962241932,674648,0.00378022484000234
"675",1982,3,1123469,-0.0196271522320729,679356,-0.000245240718523278
"676",1982,4,1095104,0.0327134215133669,694106,0.00862363172524874
"677",1982,5,1143551,-0.0380981786466244,699604,0.00394758738393191
"678",1982,6,1099413,-0.0317103863330701,693108,-0.0156950306165194
"679",1982,7,1064775,-0.0316054640395101,706074,0.0208792881531974
"680",1982,8,1039621,0.11054386415736,708746,0.0255347991004437
"681",1982,9,1160062,0.0129749892963561,736384,0.0205104556384814
"682",1982,10,1180250,0.113371018957097,773573,0.0248001544130721
"683",1982,11,1318084,0.0458723241205545,751791,-0.0007408039583331
"684",1982,12,1381532,0.006052144821531,782270,0.00942064661818592
"685",1983,1,1406011,0.0359590589077142,817709,-0.0059133349609048
"686",1983,2,1458153,0.0258576826904878,825323,0.0117932910849639
"687",1983,3,1498219,0.0281924824583192,837168,-0.00577776145948436
"688",1983,4,1554091,0.0668924329287421,869679,0.00969457078802558
"689",1983,5,1670789,0.0045458093993589,859916,-0.0123621804406739
"690",1983,6,1688853,0.0307315843401084,882678,-0.00190663706203995
"691",1983,7,1767253,-0.0401396226687631,919603,-0.0153715083421316
"692",1983,8,1711255,-0.00585811450251358,901962,-0.00114706628912038
"693",1983,9,1711797,0.0094711835020889,932952,0.0140981162709299
"694",1983,10,1747914,-0.0342665771212224,961660,-0.00272880271068371
"695",1983,11,1704056,0.0214456801192411,945422,0.00262220027251661
"696",1983,12,1749078,-0.017518851272107,960023,-0.00314462603333149
"697",1984,1,1736697,-0.0196797813685169,975703,0.00543685899498095
"698",1984,2,1717432,-0.0478116364278399,997504,-0.00771851638768115
"699",1984,3,1627086,0.0063405135939015,1020601,-0.00936327010627709
"700",1984,4,1644942,-0.00513027519774027,1034164,-0.00392754773124524
"701",1984,5,1645400,-0.0597333873842138,1035842,-0.021011106565161
"702",1984,6,1551790,0.0180484789439317,1056962,0.00231844520389759
"703",1984,7,1569781,-0.0279432285670623,1050361,0.0197833988837375
"704",1984,8,1536084,0.102890135393748,1069741,0.00409736394771519
"705",1984,9,1694481,-0.00772236222879641,1108792,0.00939710980578621
"706",1984,10,1683223,-0.00829712555199168,1091128,0.0190652283631716
"707",1984,11,1678348,-0.0176450617892579,1108268,0.00751607916077988
"708",1984,12,1644578,0.0177918758119727,1130411,0.00518595317897782
"709",1985,1,1679236,0.0796403957257122,1158641,0.00950997902353551
"710",1985,2,1815222,0.0119779763749036,1176725,-0.0157521758871406
"711",1985,3,1836592,-0.00841958142458041,1198140,0.00793415359487773
"712",1985,4,1826732,-0.00995986901441925,1186463,0.00778064942361431
"713",1985,5,1819991,0.05120862610056,1200044,0.0289565715656089
"714",1985,6,1906133,0.0126650704097553,1236230,0.00358272900415101
"715",1985,7,1918903,-0.00688578598338469,1221833,-0.00617236660084471
"716",1985,8,1911096,-0.0104123729448556,1237669,0.00767901734284425
"717",1985,9,1888323,-0.0451810571044262,1267667,0.000489693536917266
"718",1985,10,1801615,0.040567272428561,1261986,0.00869929612298884
"719",1985,11,1884498,0.0643894886567518,1279141,0.00998624668719086
"720",1985,12,1995949,0.0390884375170026,1300387,0.0161446816880873
"721",1986,1,2084927,0.0072400721837735,1328034,0.000452422834326832
"722",1986,2,2103794,0.0711805927937016,1345959,0.0234476361803629
"723",1986,3,2253194,0.0487869172970496,1364564,0.022067222758338
"724",1986,4,2375458,-0.0129392839683081,1365797,-0.000557642258275864
"725",1986,5,2340260,0.0461237617302048,1360022,-0.0169782846060689
"726",1986,6,2456581,0.0103321893899211,1389125,0.0174484948049109
"727",1986,7,2499027,-0.0641733108597112,1404066,0.00148404620696014
"728",1986,8,2355581,0.0605064395183078,1414699,0.0160356070087771
"729",1986,9,2502255,-0.0860508107014795,1411686,-0.0139765711077332
"730",1986,10,2292839,0.0468639770336416,1447015,0.00709528290154511
"731",1986,11,2402052,0.0116170570319146,1458013,0.00473208441225709
"732",1986,12,2428020,-0.0323071860406541,1474113,-0.00230322183550691
"733",1987,1,2349648,0.12441978552347,1504402,0.00438883703918501
"734",1987,2,2650517,0.0438030364931636,1496214,0.00178596406923836
"735",1987,3,2769703,0.0160425517564875,1502106,-0.00749759175510007
"736",1987,4,2828904,-0.0207863573276344,1525851,-0.0189092992078828
"737",1987,5,2773380,0.00108464288943027,1529328,-0.00515961326669589
"738",1987,6,2783778,0.038862072598827,1524727,0.00500518843520696
"739",1987,7,2895046,0.038825972172242,1551988,-0.00426387011271891
"740",1987,8,3010454,0.0351673962425079,1548890,-0.00710966357095121
"741",1987,9,3113213,-0.026137308592039,1565955,-0.0170530074465798
"742",1987,10,3051521,-0.231864891764766,1561210,0.0241588511642513
"743",1987,11,2349984,-0.0773102188726171,1585865,0.00135544717186312
"744",1987,12,2162382,0.0690835998956489,1605381,0.00781652818273712
"745",1988,1,2310504,0.0422604450037849,1630471,0.0207237158694019
"746",1988,2,2403513,0.0475602459977559,1614788,0.00440796657668245
"747",1988,3,2504264,-0.0226383826011471,1634468,-0.0100318500961246
"748",1988,4,2449271,0.0057040679644607,1659581,-0.00680646777909786
"749",1988,5,2464336,-0.00284424326694791,1632791,-0.00860813966356937
"750",1988,6,2454856,0.0478342924210258,1651685,0.0123272441839535
"751",1988,7,2558723,-0.0124459077076402,1673598,-0.0082983645963398
"752",1988,8,2528548,-0.033091693978184,1630784,-0.00285515981969108
"753",1988,9,2444403,0.0329846808202934,1662722,0.0108615946147974
"754",1988,10,2531355,0.0115876087834306,1701905,0.00823624115689166
"755",1988,11,2562249,-0.0228601752498944,1686347,-0.0124565207020206
"756",1988,12,2500743,0.0147860452754853,1713856,-0.00204878236865273
"757",1989,1,2507908,0.0605053875498972,1723665,0.00592529983752533
"758",1989,2,2657427,-0.0224845069025391,1733411,-0.0102959072598535
"759",1989,3,2599181,0.0161488601725533,1742546,0.000496809045184001
"760",1989,4,2647723,0.0432545254996452,1765409,0.0101420682906079
"761",1989,5,2753480,0.0330091599390875,1728058,0.0107570111153341
"762",1989,6,2845061,-0.0134417561285055,1760303,0.018728178239591
"763",1989,7,2817641,0.0716876472543143,1776289,0.00990533161067427
"764",1989,8,3019569,0.0151103254815881,1736279,-0.0163255723417641
"765",1989,9,3074022,-0.00754642322375892,1785453,-0.00215845982911076
"766",1989,10,3064746,-0.0366127841302625,1779737,0.0138133150631038
"767",1989,11,2968731,0.010809691539358,1802137,0.00226842942416359
"768",1989,12,3002711,0.0117579791235602,1847116,-0.00342027062198768
"769",1990,1,3056431,-0.0781197889169705,1832503,-0.0128584186446837
"770",1990,2,2811358,0.0110047160453235,1841621,-0.00257967958336926
"771",1990,3,2848818,0.0183333358962618,1870656,-0.00405899465520689
"772",1990,4,2916807,-0.0334890706094147,1867707,-0.0104560563957948
"773",1990,5,2835762,0.0845611683354823,1868139,0.0147025293617025
"774",1990,6,3082688,-0.0105333109621909,1917142,0.00669481486625748
"775",1990,7,3060850,-0.0189230079098957,1923520,0.00463664000899855
"776",1990,8,3018437,-0.100784311120978,1920244,-0.0135942582945114
"777",1990,9,2713750,-0.0611530969929783,1983338,0.00254684601888559
"778",1990,10,2558487,-0.0189630471849694,1965023,0.00703566053438876
"779",1990,11,2518338,0.0634010931513549,1988388,0.0112718517414792
"780",1990,12,2679071,0.0246167454428112,2054618,0.00695222280431224
"781",1991,1,2749403,0.0473638360765394,2060520,0.00466861377663978
"782",1991,2,2883210,0.0718528691605693,2089396,0.000863997150023021
"783",1991,3,3093399,0.0265891768587786,2133451,-8.73372530396056e-05
"784",1991,4,3197362,-0.00278526506364336,2096301,0.00425042877792741
"785",1991,5,3202481,0.0367460097800213,2078132,0.000225872340783214
"786",1991,6,3330177,-0.0493945005638415,2158795,-0.00426136103491003
"787",1991,7,3195847,0.0424199161676778,2127325,0.00555813067528704
"788",1991,8,3344848,0.0231616876504888,2160721,0.0127909886883076
"789",1991,9,3431680,-0.015905526191699,2227824,0.011136679831677
"790",1991,10,3407629,0.0128596563318409,2256900,0.0038244141161826
"791",1991,11,3468072,-0.0418444598395229,2286779,0.00424319546262936
"792",1991,12,3329596,0.108377826747318,2286834,0.0207727047826585
"793",1992,1,3710848,-0.00557590510445747,2319755,-0.011869874803963
"794",1992,2,3703932,0.0108317912032972,2338362,0.000509848843828757
"795",1992,3,3751705,-0.0265388206840471,2361861,-0.00590622088743999
"796",1992,4,3697950,0.0107550567206595,2371035,0.00265517657975766
"797",1992,5,3743468,0.00299910235660822,2397221,0.00994121079159126
"798",1992,6,3755828,-0.0232883442724006,2426442,0.00786962025071327
"799",1992,7,3703352,0.0379084508311738,2435071,0.0154022141991921
"800",1992,8,3851758,-0.0237740964567744,2480879,0.00486446546617223
"801",1992,9,3760705,0.0119416791568986,2506850,0.00863783298970345
"802",1992,10,3817806,0.0101620349095162,2511516,-0.0116243722325938
"803",1992,11,3862680,0.0412826609221478,2498217,-0.00272040217199603
"804",1992,12,4022607,0.0158850694013604,2555802,0.0101120118921357
"805",1993,1,4116410,0.0093064387549155,2596810,0.0122916745657287
"806",1993,2,4163692,0.00121703390026701,2578287,0.0114604504380501
"807",1993,3,4175501,0.0231369580774705,2603645,0.000841672339026672
"808",1993,4,4302730,-0.0304611012988725,2630968,0.00374691658676996
"809",1993,5,4182906,0.0288509047621712,2643407,-0.00253993283680705
"810",1993,6,4308682,0.00282294144699517,2634658,0.0128243980773576
"811",1993,7,4376012,-0.00344296084877296,2680510,0.00206028789059354
"812",1993,8,4371442,0.0371219001474633,2683292,0.0126891572017407
"813",1993,9,4535754,-0.00097356318899261,2726562,0.0012343834509958
"814",1993,10,4561646,0.0141464295380904,2759570,0.00088997815042253
"815",1993,11,4635617,-0.0186396026520101,2712521,-0.00816423542648156
"816",1993,12,4557738,0.0164913135434852,2793479,0.00119486020344137
"817",1994,1,4668038,0.0286804218273962,2821521,0.00745661933480073
"818",1994,2,4820490,-0.025446825994394,2809228,-0.0155502462152292
"819",1994,3,4707533,-0.0475554137602158,2836072,-0.0153621540562485
"820",1994,4,4501759,0.0068017134753276,2873996,-0.00768236174172121
"821",1994,5,4538455,0.00579620339918586,2817741,-0.00272965802246595
"822",1994,6,4576643,-0.0303778422508223,2844136,-0.00309470567353323
"823",1994,7,4459602,0.0281617298816633,2896610,0.00998643340912805
"824",1994,8,4595387,0.0401582961315788,2828001,-0.00176427783765787
"825",1994,9,4777389,-0.0228448072008698,2907547,-0.0118399434121241
"826",1994,10,4686896,0.0134693801172776,2938656,-0.00284163793751412
"827",1994,11,4763044,-0.0402697726853179,2917157,-0.004283201494002
"828",1994,12,4570232,0.0086023830824173,2956625,0.00105007390337283
"829",1995,1,4628228,0.0180132956889507,2967982,0.0102970108148406
"830",1995,2,4717685,0.0363284494245661,2981304,0.0121430807367559
"831",1995,3,4900420,0.0223695032973064,3034801,0.0018081745555556
"832",1995,4,5037139,0.0210710129282121,3055182,0.00551726766135163
"833",1995,5,5154971,0.0289535175436521,2940235,0.0235840202657929
"834",1995,6,5319304,0.0271854853865565,3024553,0.00257055031701154
"835",1995,7,5495483,0.0371236464395046,3094137,-0.00501470568351935
"836",1995,8,5712148,0.0055338622555605,3045665,0.00452687140159571
"837",1995,9,5774061,0.0335168352192187,3129122,0.00288039856986126
"838",1995,10,6001554,-0.0151327331542591,3100314,0.00681416048725697
"839",1995,11,5943483,0.039661478617595,3072870,0.00779484293338599
"840",1995,12,6206753,0.0103844486397498,3162712,0.00557775566389459
"841",1996,1,6310460,0.0226029191437336,3103600,0.00188588881530555
"842",1996,2,6480268,0.013294467813892,3101781,-0.01474437746943
"843",1996,3,6584660,0.0073861902436977,3221798,-0.00831923493200013
"844",1996,4,6648656,0.0206510937425148,3163633,-0.00674078635145325
"845",1996,5,6867171,0.0238234780348386,3108807,-0.00333887152251771
"846",1996,6,7078532,-0.0113361060150608,3199726,0.00484699647111068
"847",1996,7,7054340,-0.0595742115013943,3149151,-0.000890978447481528
"848",1996,8,6656374,0.0277075124618094,3187824,-0.00370326798597953
"849",1996,9,6862387,0.0500798052292756,3219660,0.00813830467212091
"850",1996,10,7238732,0.0086737661435081,3214962,0.0118166653403065
"851",1996,11,7316609,0.0626142497575426,3249112,0.008305189126849
"852",1996,12,7801992,-0.0167580252978557,3248432,-0.00921717386822889
"853",1997,1,7682849,0.0502470248270737,3250963,-0.00147576000113486
"854",1997,2,8109976,-0.00474132076195679,3251739,-0.00197052505311798
"855",1997,3,8093889,-0.0501515420923501,3306572,-0.00930194876301041
"856",1997,4,7711854,0.0403991285100697,3299374,0.0062808450767508
"857",1997,5,8051817,0.0679631091409242,3228805,0.00334388961944797
"858",1997,6,8611413,0.0409980326318978,3233078,0.00559411797675039
"859",1997,7,8985586,0.0731213688779316,3227974,0.0156105839652665
"860",1997,8,9644257,-0.0409616339072765,3245588,-0.00911733417415276
"861",1997,9,9289490,0.0532864438960535,3230362,0.00771548456915671
"862",1997,10,9857970,-0.0376630466175947,3233991,0.00815136897957019
"863",1997,11,9518203,0.0299850429178518,3248388,-7.24530594366497e-05
"864",1997,12,9828617,0.0134761823008661,3245189,0.00519587117279342
"865",1998,1,10017107,0.00152346344648146,3243663,0.00724785419677519
"866",1998,2,10060229,0.0703457492491944,3197162,-0.00451891444852079
"867",1998,3,10789388,0.0470016725168795,3222295,-0.000443591642023775
"868",1998,4,11368051,0.0073881065012243,3171947,-8.35755944856584e-05
"869",1998,5,11490226,-0.030412188831814,3194566,0.00371740070623521
"870",1998,6,11198540,0.0318995442404277,3149146,0.00518342356607776
"871",1998,7,11641324,-0.0241512333753157,3139503,-0.000842822910813718
"872",1998,8,11427029,-0.160332566551929,3107808,0.0171796565290891
"873",1998,9,9618773,0.0626387596896624,3138359,0.0143240196294038
"874",1998,10,10211463,0.0699809238709024,3128279,-0.00403569735934902
"875",1998,11,10996413,0.0605211186221719,3061661,-0.00201259769330409
"876",1998,12,11618328,0.0614576534938928,3121488,-0.00122021128127816
"877",1999,1,12277538,0.035065093987057,3127573,0.00126936356193784
"878",1999,2,12781596,-0.0405961656598514,3057477,-0.0188382023290635
"879",1999,3,12317346,0.0349291076765071,3061342,0.00115495473889745
"880",1999,4,12796550,0.0432667825516783,3010747,-0.000469355498122493
"881",1999,5,13418670,-0.0246506613921296,3030555,-0.00889138084473388
"882",1999,6,13186814,0.047567041360377,3003594,-0.0029221250752935
"883",1999,7,13819019,-0.0346477940076429,3013825,-0.00348526850949163
"884",1999,8,13417300,-0.013754928111239,2944763,-0.00213223534579333
"885",1999,9,13304042,-0.0277060637082734,2981161,0.00321716361505819
"886",1999,10,13000556,0.0613008341043596,3007702,-0.00266162522649917
"887",1999,11,13938008,0.0339060268250208,2922951,-0.00332542283140019
"888",1999,12,14464224,0.0777423498844898,2971841,-0.0060213428028302
"889",2000,1,15781021,-0.0476122648067226,2954146,-0.00144860992922709
"890",2000,2,15094996,0.0246040203009248,2896808,0.00664825662660428
"891",2000,3,15646175,0.0524230537227138,2912436,0.010166957700079
"892",2000,4,16734506,-0.0640541586174864,2921998,-0.0050680060054805
"893",2000,5,15826273,-0.0436835228864049,2814942,-0.00120543190581227
"894",2000,6,15217767,0.0471286154293836,2799361,0.00847786488396366
"895",2000,7,15903236,-0.0248824599734925,2806394,0.00335807065764775
"896",2000,8,15687164,0.070314082116508,2717327,0.00631428271041542
"897",2000,9,16898982,-0.054401183397046,2786403,-0.00257820312223594
"898",2000,10,16134604,-0.0274332193813146,2710604,0.00291425542432712
"899",2000,11,15751367,-0.106893165083799,2655770,0.00920105477663868
"900",2000,12,14099098,0.0119426138958035,2737906,0.00998639498991865
"901",2001,1,14322124,0.0326306876127727,2672486,0.00393467147239237
"902",2001,2,14877420,-0.100244956438726,2640899,0.00491374503418987
"903",2001,3,13408832,-0.0727094920565562,2687420,-0.000467686358112576
"904",2001,4,12505003,0.0793720846226892,2604820,-0.010084300465042
"905",2001,5,13556999,0.0068495506625714,2506866,0.00145030663783242
"906",2001,6,13669540,-0.0193163962555379,2539363,0.000201356762683082
"907",2001,7,13458759,-0.021347398591379,2523308,0.0138529930097062
"908",2001,8,13209406,-0.0639026890596617,2489488,0.00699185334745626
"909",2001,9,12385121,-0.09242282151341,2599438,0.00899630506015262
"910",2001,10,11260583,0.0248916504647312,2543771,0.0171334698154782
"911",2001,11,11570526,0.0752745597438187,2491593,-0.0171308018525528
"912",2001,12,12436249,0.0161095399980165,2582643,-0.00592600846959769
"913",2002,1,12658924,-0.0143447074806461,2554135,0.00294601544360635
"914",2002,2,12469957,-0.0229289597936934,2559924,0.00504889229872274
"915",2002,3,12192145,0.0423759992027856,2640776,-0.0155599710825245
"916",2002,4,12739780,-0.0520532717932452,2584582,0.0146409036302901
"917",2002,5,12108571,-0.0135667170303735,2514145,0.00299381549624437
"918",2002,6,11939573,-0.0720892474504847,2638649,0.0081713791792836
"919",2002,7,11079212,-0.0819516006717688,2621941,0.0137006034116823
"920",2002,8,10182087,0.00495107660756414,2632429,0.012125873545888
"921",2002,9,10200328,-0.103414330227057,2668180,0.0153642838776867
"922",2002,10,9157041,0.0783063660497763,2683586,-0.00672269769042978
"923",2002,11,9873458,0.0595276075708347,2749969,-0.00701428603647205
"924",2002,12,10453282,-0.0575220560330938,2751810,0.0152810564027441
"925",2003,1,9852015,-0.025626357430607,2730994,-0.00241432714729688
"926",2003,2,9596180,-0.0188254376382082,2759780,0.00944864886938966
"927",2003,3,9402514,0.010910214612988,2848937,-0.00217326262778345
"928",2003,4,9499679,0.0818076806166465,2868688,0.00186391653088785
"929",2003,5,10278824,0.0604663429884097,2823100,0.0149425912949639
"930",2003,6,10883890,0.0142138559728529,2877468,-0.00274922218356197
"931",2003,7,11046933,0.0233386162537448,2927025,-0.0236244960912955
"932",2003,8,11305364,0.0232824774661468,2957212,0.000525334448908465
"933",2003,9,11572238,-0.0124012476365935,2973468,0.0178612211956678
"934",2003,10,11473000,0.060796074077406,2988893,-0.00916868254678274
"935",2003,11,12166788,0.0134688495922373,3063205,-0.000319248709730364
"936",2003,12,12339551,0.0428356347534707,3066915,0.00554970597119617
"937",2004,1,12846750,0.0215299498941397,3096712,0.00442362756233809
"938",2004,2,13117902,0.0140063522268919,3069536,0.00710915197258009
"939",2004,3,13322012,-0.0131412968804801,3157098,0.00493722839888964
"940",2004,4,13134149,-0.0181811081014542,3176331,-0.0199978531599157
"941",2004,5,12953024,0.0117427111917468,3203619,-0.00250069370516856
"942",2004,6,13098401,0.0185609438813456,3200727,0.00302559541260582
"943",2004,7,13269996,-0.0405509374034118,3213057,0.00431908558626635
"944",2004,8,12800038,0.00074512189372869,3197304,0.0123768868675149
"945",2004,9,12801144,0.015988612554508,3248854,0.000149496299093711
"946",2004,10,12992380,0.0142473075656231,3341094,0.00408714269431441
"947",2004,11,13137284,0.0454320609199583,3279655,-0.00919816968788135
"948",2004,12,13757551,0.0341639673574486,3344504,0.00465324308860235
"949",2005,1,14271133,-0.0275426077879681,3412019,0.00298098073827461
"950",2005,2,13881410,0.018819139586731,3395296,-0.00658966165683914
"951",2005,3,14150236,-0.0193471599582799,3412852,-0.00247618419145725
"952",2005,4,13884951,-0.0260892350231575,3524423,0.00884180354247643
"953",2005,5,13543876,0.0365144512972294,3389263,0.00677485096685397
"954",2005,6,14025877,0.00571063874418427,3398336,0.00231307884277514
"955",2005,7,14115524,0.0391455168152709,3460693,-0.0107918183600648
"956",2005,8,14672015,-0.011887667070973,3420359,0.00824428392164293
"957",2005,9,14484957,0.00483483586720286,3438403,-0.0101613411892282
"958",2005,10,14528950,-0.0204935025434055,3500170,-0.00648945141892672
"959",2005,11,14303520,0.0361836947814024,3473306,0.0014174660539799
"960",2005,12,14831186,-0.00238051022168689,3523605,0.0040060060427324
"961",2006,1,14761784,0.0303847373682994,3523703,-0.00383606702977493
"962",2006,2,15199663,-0.00294108704240978,3538776,-0.00174547712771622
"963",2006,3,15212259,0.0147059400860747,3577716,-0.00821805277447304
"964",2006,4,15422666,0.0073076257947871,3692537,-0.00456639265722085
"965",2006,5,15558367,-0.0354504722705587,3511170,-0.00288972430584522
"966",2006,6,15051635,-0.00347655993924873,3530915,-0.000349699175497144
"967",2006,7,15018565,-0.00776253624534554,3571397,0.00565679903749289
"968",2006,8,14932132,0.0202011475674759,3495571,0.00657523977872983
"969",2006,9,15188944,0.018463258117275,3638669,0.00322689602735291
"970",2006,10,15476634,0.0322605763273833,3591200,0.000703062491488667
"971",2006,11,16024375,0.0170454570280086,3530202,0.00372764420901263
"972",2006,12,16282108,0.0085432059917534,3659375,-0.00774670903351269
"973",2007,1,16369396,0.0141125628749367,3620356,-0.00314729191859243
"974",2007,2,16702590,-0.0195625045466865,3616103,0.00730540750718741
"975",2007,3,16386559,0.0068967811197525,3649666,-0.00250888160435169
"976",2007,4,16537079,0.0348451804967656,3688642,0.00063656742260298
"977",2007,5,17137774,0.0324082125682928,3567045,-0.00855194585686399
"978",2007,6,17684112,-0.0194893391983934,3620258,-0.0026617440950171
"979",2007,7,17334992,-0.0371632034000934,3609965,0.00913418846582551
"980",2007,8,16684614,0.0091804715191206,3547444,0.00741563135565083
"981",2007,9,16831393,0.0320382876868333,3677449,0.00112157975916841
"982",2007,10,17305127,0.0180185580221222,3633645,0.00352779143286879
"983",2007,11,17559248,-0.0480215411289608,3607380,0.0199465860341839
"984",2007,12,16640141,-0.00879332391268997,3727067,-0.00209129859468786
"985",2008,1,16489742,-0.0637131536499138,3712141,0.0177769550466008
"986",2008,2,15420061,-0.0308540446338958,3684432,0.00607300813669613
"987",2008,3,14879359,-0.00953492945475023,3836168,0.00363340672587733
"988",2008,4,14746339,0.0467537787654149,3853878,-0.0115065542514724
"989",2008,5,15409133,0.0194201011200991,3707521,-0.0101301432694362
"990",2008,6,15673413,-0.0843435661933374,3775557,0.00490856013065863
"991",2008,7,14346824,-0.0075845816380306,3839320,0.00270593035990946
"992",2008,8,14225391,0.0152230084033143,3881416,0.00608874677330103
"993",2008,9,14407248,-0.0929196355184382,3905001,0.00454348569528241
"994",2008,10,13067656,-0.171787032585921,4159036,0.000159683458478479
"995",2008,11,10766297,-0.0775098518842448,4637958,0.0311763212001211
"996",2008,12,9843190,0.0176543839216886,4679517,0.018922943179763
"997",2009,1,9948762,-0.0811165265566976,4555910,-0.0171532434321504
"998",2009,2,9148051,-0.100921935751084,4792927,-0.00236909489487345
"999",2009,3,8175139,0.0896633981298522,4922663,0.0122834359322566
"1000",2009,4,8783795,0.101657091801321,5172678,-0.0108338847774215
"1001",2009,5,9661106,0.0520607787374933,5240277,-0.00595901355015962
"1002",2009,6,10181456,0.00429362285915829,5316323,-0.00154200579558676
"1003",2009,7,10238260,0.077207815276118,5400465,0.00329407548704963
"1004",2009,8,11037091,0.0332455216471859,5618509,0.00546254307247857
"1005",2009,9,11428719,0.0407633623553537,5875415,0.00478703785466924
"1006",2009,10,11949733,-0.0255386843815553,5789670,5.81159382596376e-05
"1007",2009,11,11590945,0.0556922724282663,5854139,0.00872876599206838
"1008",2009,12,12202082,0.0274731012356294,6037110,-0.0174378670153445
"1009",2010,1,12553816,-0.0335022980737622,6286981,0.011389655950286
"1010",2010,2,12120752,0.0339065403916224,6203570,0.00111223854004196
"1011",2010,3,12485013,0.0631204455411525,6364612,-0.00492050627556403
"1012",2010,4,13303570,0.019990549251608,6599677,0.00749070152050061
"1013",2010,5,13554129,-0.0789172390473733,6831926,0.0116798345818554
"1014",2010,6,12460546,-0.0555614933589123,6771105,0.013897071679965
"1015",2010,7,11749499,0.0690837734104031,6902161,0.00402974110317767
"1016",2010,8,12514897,-0.047702054539512,6971697,0.0148230503767311
"1017",2010,9,11875730,0.0954242945707624,7145886,-0.000194236314732225
"1018",2010,10,12966359,0.0387045615229008,7394726,-0.000709932406343683
"1019",2010,11,13442967,0.00594325347411228,7375291,-0.00541607220974574
"1020",2010,12,13573315,0.0681314351027537,7515405,-0.0129175801510331
"1021",2011,1,14481725,0.0198942047684631,7701700,-0.000149638535628644
"1022",2011,2,14798472,0.034839022294887,7775036,-0.00101949067265795
"1023",2011,3,15267455,0.00446766740257488,7770687,-0.00113065060021707
"1024",2011,4,15330220,0.0289457081436059,7997140,0.0096787069916202
"1025",2011,5,15761110,-0.0126898090665086,7912061,0.0110284876439551
"1026",2011,6,15501928,-0.017429841815291,8058979,-0.00206984141503138
"1027",2011,7,15178218,-0.0235127053467236,8265175,0.0138743970292981
"1028",2011,8,14792406,-0.059796656495834,8150884,0.0197629017971879
"1029",2011,9,13841544,-0.0756952127335346,8301807,0.0121230483051778
"1030",2011,10,12725771,0.113346726227054,8466631,-0.00332233397203973
"1031",2011,11,14118783,-0.0027989210561853,8553569,0.00291615814805456
"1032",2011,12,13984580,0.00739981364332054,8606287,0.00663282755227007
"1033",2012,1,14045776,0.0505305366634021,8653557,0.00349051087088243
"1034",2012,2,14693776,0.0441710718917721,8813159,-0.00493147599149533
"1035",2012,3,15276558,0.0311654151082868,8892869,-0.0073311483767771
"1036",2012,4,15722662,-0.00853431402364003,8940510,0.0107380946880996
"1037",2012,5,15570519,-0.0617158995468966,9037176,0.0134962509524411
"1038",2012,6,14547839,0.0389244411936538,9237407,-0.00291519211286802
"1039",2012,7,15075522,0.00786981401990267,9179219,0.00795428170090157
"1040",2012,8,15149765,0.0254902610782965,9252876,-0.00125723655837856
"1041",2012,9,15456146,0.0273119667683594,9390804,-0.0025412499773898
"1042",2012,10,15849148,-0.0175170844990278,9372265,-0.0017383322346472
"1043",2012,11,15542938,0.00775916640878226,9463837,0.00409328225638194
"1044",2012,12,15599532,0.0117567273034044,9606192,-0.00373010895963238
"1045",2013,1,15718793,0.0556848405943462,9622225,-0.0062806435204588
"1046",2013,2,16569332,0.0128566826097438,9727502,0.00480160894926569
"1047",2013,3,16697445,0.0403331411597702,9926457,0.000809757974873109
"1048",2013,4,17369963,0.0155377568392762,9799005,0.0073962221486783
"1049",2013,5,17618244,0.0280190696205771,9864977,-0.0137067967223916
"1050",2013,6,18080369,-0.0119129262912442,10039765,-0.0106685327853031
"1051",2013,7,17784022,0.0564236399105107,9924128,-0.000654658533904822
"1052",2013,8,18736926,-0.0270409100512416,10045580,-0.00582760859774879
"1053",2013,9,18183297,0.0376658014167201,9997007,0.00748815196290813
"1054",2013,10,18827001,0.0417046483174124,10088332,0.00353239770895554
"1055",2013,11,19535858,0.0312133944319544,10271025,-0.00300063654410565
"1056",2013,12,20115761,0.0280367756953928,10229777,-0.00841847471347287
"1057",2014,1,20650941,-0.0331746596224226,10333147,0.0141006194021939
"1058",2014,2,19922126,0.0464870953429263,10396122,0.0018480772377619
"1059",2014,3,20838069,0.00430116783949431,10560941,-0.00229319352418202
"1060",2014,4,20893913,-0.00188226497007226,10479211,0.00467421992533321
"1061",2014,5,20859968,0.0206314250132686,10456918,0.0075630872273493
"1062",2014,6,21226727,0.0261000697181051,10358310,-0.0011491023598365
"1063",2014,7,21731826,-0.020415954496946,10446364,-0.000526207577358423
"1064",2014,8,21277230,0.0423241622676387,10570686,0.00917390447952345
"1065",2014,9,22087533,-0.019683292615553,10500815,-0.00397313928279844
"1066",2014,10,21610231,0.0250761006918369,10593796,0.00741631834929295
"1067",2014,11,22116436,0.025473953147596,10735802,0.00793201775500036
"1068",2014,12,22589083,-0.000603934682898479,10628198,0.000669751577095807
"1069",2015,1,22582713,-0.0310408932876005,10774904,0.0228517643611158
"1070",2015,2,21746006,0.0613215532456526,10750573,-0.013534366384222
"1071",2015,3,22968037,-0.0110194367696588,10732908,0.00509574587008813
"1072",2015,4,22553326,0.00591222331750201,10779229,-0.0040761005801596
"1073",2015,5,22666629,0.0136073750267407,10906075,-0.00322042691609719
"1074",2015,6,22859682,-0.0152792331361318,10775305,-0.00698099418191541
"1075",2015,7,22448527,0.0154518499470019,10860083,0.00897056779729244
"1076",2015,8,22781959,-0.0602466187621124,10908691,-0.00138431671096894
"1077",2015,9,21320326,-0.0307144531142883,10953876,0.00893268884103587
"1078",2015,10,20588642,0.0774727059841776,10929151,-0.00339170841566605
"1079",2015,11,22085384,0.00563399633615186,10907973,-0.00313366642507079
"1080",2015,12,22107723,-0.0216742372780904,11083537,-0.00180636168736095
"1081",2016,1,21559663,-0.0575736245346347,11121817,0.0171702361561238
"1082",2016,2,20157270,-0.00075613536418003,11034364,0.00694010709979624
"1083",2016,3,20005204,0.0695458216640915,11176651,0.00140064808898655
"1084",2016,4,21305467,0.00918419212057551,11366515,-0.00190935330611181
"1085",2016,5,21422136,0.0177148287614271,11167919,-2.63844923036423e-05
"1086",2016,6,21650748,-0.000413208094863803,11251850,0.0189896738632121
"1087",2016,7,21576004,0.039563885037216,11438682,0.00204833363487634
"1088",2016,8,22367570,0.00498418281166239,11283107,-0.00493535170121173
"1089",2016,9,22398928,0.00261824252297453,11406012,-0.000202210230702258
"1090",2016,10,22329301,-0.0202191527690363,11575305,-0.00839439195627779
"1091",2016,11,21845589,0.0486302815039003,11615996,-0.0211736460344832
"1092",2016,12,22812187,0.018158493431101,11707990,-0.00072020658677613
"1093",2017,1,23161608,0.0193561886523409,11601672,0.00166685018497683
"1094",2017,2,23565635,0.0355616374018815,11658574,0.0023160621322224
"1095",2017,3,24293787,0.0016713492493744,11581009,0.00124406634248455
"1096",2017,4,24278688,0.0108513581244715,11771660,0.0045879331211348
"1097",2017,5,24530639,0.0105824498259994,11581586,0.00442382823411265
"1098",2017,6,24731339,0.0079695247311529,11710401,-0.00120525582174975
"1099",2017,7,24833228,0.0186550475529025,11839154,0.000379748978772517
"1100",2017,8,25149150,0.00172195137561198,11789690,0.00817064252647405
"1101",2017,9,24996731,0.0251273715329332,12018072,-0.00771043234908007
"1102",2017,10,25755392,0.0224774059881341,11917568,-0.00140472969793895
"1103",2017,11,26274186,0.0312184499167501,11969858,-0.00116047182135992
"1104",2017,12,27044248,0.0105390547721858,12172690,0.00148969603740369
